Provinsi,Tahun,Jenis Tanaman,Produksi
Aceh,2022,Bawang Daun,14468.0
Sumatera Utara,2022,Bawang Daun,180520.0
Sumatera Barat,2022,Bawang Daun,530615.0
Riau,2022,Bawang Daun,287.0
Jambi,2022,Bawang Daun,54717.0
Sumatera Selatan,2022,Bawang Daun,33559.0
Bengkulu,2022,Bawang Daun,188055.0
Lampung,2022,Bawang Daun,36304.0
Kepulauan Bangka Belitung,2022,Bawang Daun,2630.0
Kepulauan Riau,2022,Bawang Daun,2483.0
DKI Jakarta,2022,Bawang Daun,
Jawa Barat,2022,Bawang Daun,1579677.0
Jawa Tengah,2022,Bawang Daun,1255945.0
DI Yogyakarta,2022,Bawang Daun,190.0
Jawa Timur,2022,Bawang Daun,1097231.0
Banten,2022,Bawang Daun,3189.0
Bali,2022,Bawang Daun,7738.0
Nusa Tenggara Barat,2022,Bawang Daun,22182.0
Nusa Tenggara Timur,2022,Bawang Daun,18554.0
Kalimantan Barat,2022,Bawang Daun,7485.0
Kalimantan Tengah,2022,Bawang Daun,13867.0
Kalimantan Selatan,2022,Bawang Daun,7650.0
Kalimantan Timur,2022,Bawang Daun,4785.0
Kalimantan Utara,2022,Bawang Daun,15516.0
Sulawesi Utara,2022,Bawang Daun,743245.0
Sulawesi Tengah,2022,Bawang Daun,60663.0
Sulawesi Selatan,2022,Bawang Daun,475005.0
Sulawesi Tenggara,2022,Bawang Daun,4062.0
Gorontalo,2022,Bawang Daun,149.0
Sulawesi Barat,2022,Bawang Daun,2037.0
Maluku,2022,Bawang Daun,3982.0
Maluku Utara,2022,Bawang Daun,8651.0
Papua Barat,2022,Bawang Daun,2690.0
Papua,2022,Bawang Daun,9212.0
Aceh,2023,Bawang Daun,11935.0
Sumatera Utara,2023,Bawang Daun,176690.0
Sumatera Barat,2023,Bawang Daun,620726.0
Riau,2023,Bawang Daun,174.0
Jambi,2023,Bawang Daun,94222.0
Sumatera Selatan,2023,Bawang Daun,30223.0
Bengkulu,2023,Bawang Daun,163600.0
Lampung,2023,Bawang Daun,37423.0
Kepulauan Bangka Belitung,2023,Bawang Daun,4998.0
Kepulauan Riau,2023,Bawang Daun,2108.0
DKI Jakarta,2023,Bawang Daun,
Jawa Barat,2023,Bawang Daun,1631356.0
Jawa Tengah,2023,Bawang Daun,1259420.0
DI Yogyakarta,2023,Bawang Daun,2442.0
Jawa Timur,2023,Bawang Daun,1214211.0
Banten,2023,Bawang Daun,2699.0
Bali,2023,Bawang Daun,8179.0
Nusa Tenggara Barat,2023,Bawang Daun,23300.0
Nusa Tenggara Timur,2023,Bawang Daun,16349.0
Kalimantan Barat,2023,Bawang Daun,8327.0
Kalimantan Tengah,2023,Bawang Daun,13806.0
Kalimantan Selatan,2023,Bawang Daun,7561.0
Kalimantan Timur,2023,Bawang Daun,6763.0
Kalimantan Utara,2023,Bawang Daun,20107.0
Sulawesi Utara,2023,Bawang Daun,559281.0
Sulawesi Tengah,2023,Bawang Daun,87466.0
Sulawesi Selatan,2023,Bawang Daun,350610.0
Sulawesi Tenggara,2023,Bawang Daun,5703.0
Gorontalo,2023,Bawang Daun,200.0
Sulawesi Barat,2023,Bawang Daun,2311.0
Maluku,2023,Bawang Daun,4275.0
Maluku Utara,2023,Bawang Daun,10575.0
Papua Barat,2023,Bawang Daun,2939.0
Papua,2023,Bawang Daun,827.0
Aceh,2024,Bawang Daun,6746.5
Sumatera Utara,2024,Bawang Daun,224163.3
Sumatera Barat,2024,Bawang Daun,626795.34
Riau,2024,Bawang Daun,159.7
Jambi,2024,Bawang Daun,106562.8
Sumatera Selatan,2024,Bawang Daun,23293.2
Bengkulu,2024,Bawang Daun,140644.25
Lampung,2024,Bawang Daun,39169.52
Kepulauan Bangka Belitung,2024,Bawang Daun,2189.1
Kepulauan Riau,2024,Bawang Daun,4526.9
DKI Jakarta,2024,Bawang Daun,
Jawa Barat,2024,Bawang Daun,1679364.83
Jawa Tengah,2024,Bawang Daun,1155481.0
DI Yogyakarta,2024,Bawang Daun,2550.0
Jawa Timur,2024,Bawang Daun,1093960.15
Banten,2024,Bawang Daun,3252.8
Bali,2024,Bawang Daun,5105.54
Nusa Tenggara Barat,2024,Bawang Daun,21322.0
Nusa Tenggara Timur,2024,Bawang Daun,3358.01
Kalimantan Barat,2024,Bawang Daun,10770.46
Kalimantan Tengah,2024,Bawang Daun,11643.48
Kalimantan Selatan,2024,Bawang Daun,8518.26
Kalimantan Timur,2024,Bawang Daun,4865.36
Kalimantan Utara,2024,Bawang Daun,21305.06
Sulawesi Utara,2024,Bawang Daun,534454.35
Sulawesi Tengah,2024,Bawang Daun,82217.96
Sulawesi Selatan,2024,Bawang Daun,408289.28
Sulawesi Tenggara,2024,Bawang Daun,4121.93
Gorontalo,2024,Bawang Daun,1016.0
Sulawesi Barat,2024,Bawang Daun,1895.22
Maluku,2024,Bawang Daun,3351.3
Maluku Utara,2024,Bawang Daun,5628.04
Papua Barat,2024,Bawang Daun,2446.89
Papua,2024,Bawang Daun,1290.75
Aceh,2022,Bawang Merah,100703.0
Sumatera Utara,2022,Bawang Merah,648349.0
Sumatera Barat,2022,Bawang Merah,2073758.0
Riau,2022,Bawang Merah,1953.0
Jambi,2022,Bawang Merah,160502.0
Sumatera Selatan,2022,Bawang Merah,11299.0
Bengkulu,2022,Bawang Merah,10233.0
Lampung,2022,Bawang Merah,17267.0
Kepulauan Bangka Belitung,2022,Bawang Merah,787.0
Kepulauan Riau,2022,Bawang Merah,414.0
DKI Jakarta,2022,Bawang Merah,14.0
Jawa Barat,2022,Bawang Merah,1933183.0
Jawa Tengah,2022,Bawang Merah,5565098.0
DI Yogyakarta,2022,Bawang Merah,223066.0
Jawa Timur,2022,Bawang Merah,4783933.0
Banten,2022,Bawang Merah,13724.0
Bali,2022,Bawang Merah,314924.0
Nusa Tenggara Barat,2022,Bawang Merah,2011552.0
Nusa Tenggara Timur,2022,Bawang Merah,75845.0
Kalimantan Barat,2022,Bawang Merah,440.0
Kalimantan Tengah,2022,Bawang Merah,1118.0
Kalimantan Selatan,2022,Bawang Merah,2460.0
Kalimantan Timur,2022,Bawang Merah,1145.0
Kalimantan Utara,2022,Bawang Merah,73.0
Sulawesi Utara,2022,Bawang Merah,50196.0
Sulawesi Tengah,2022,Bawang Merah,34540.0
Sulawesi Selatan,2022,Bawang Merah,1751599.0
Sulawesi Tenggara,2022,Bawang Merah,4493.0
Gorontalo,2022,Bawang Merah,4176.0
Sulawesi Barat,2022,Bawang Merah,7481.0
Maluku,2022,Bawang Merah,7593.0
Maluku Utara,2022,Bawang Merah,8047.0
Papua Barat,2022,Bawang Merah,776.0
Papua,2022,Bawang Merah,2860.0
Aceh,2023,Bawang Merah,136726.0
Sumatera Utara,2023,Bawang Merah,655852.0
Sumatera Barat,2023,Bawang Merah,2339173.0
Riau,2023,Bawang Merah,3227.0
Jambi,2023,Bawang Merah,184013.0
Sumatera Selatan,2023,Bawang Merah,11970.0
Bengkulu,2023,Bawang Merah,6706.0
Lampung,2023,Bawang Merah,21930.0
Kepulauan Bangka Belitung,2023,Bawang Merah,1757.0
Kepulauan Riau,2023,Bawang Merah,170.0
DKI Jakarta,2023,Bawang Merah,3.0
Jawa Barat,2023,Bawang Merah,1793554.0
Jawa Tengah,2023,Bawang Merah,4790909.0
DI Yogyakarta,2023,Bawang Merah,329526.0
Jawa Timur,2023,Bawang Merah,4846695.0
Banten,2023,Bawang Merah,8600.0
Bali,2023,Bawang Merah,353739.0
Nusa Tenggara Barat,2023,Bawang Merah,2126183.0
Nusa Tenggara Timur,2023,Bawang Merah,114091.0
Kalimantan Barat,2023,Bawang Merah,1095.0
Kalimantan Tengah,2023,Bawang Merah,723.0
Kalimantan Selatan,2023,Bawang Merah,4835.0
Kalimantan Timur,2023,Bawang Merah,2522.0
Kalimantan Utara,2023,Bawang Merah,3505.0
Sulawesi Utara,2023,Bawang Merah,31530.0
Sulawesi Tengah,2023,Bawang Merah,32277.0
Sulawesi Selatan,2023,Bawang Merah,2014215.0
Sulawesi Tenggara,2023,Bawang Merah,4907.0
Gorontalo,2023,Bawang Merah,2374.0
Sulawesi Barat,2023,Bawang Merah,10757.0
Maluku,2023,Bawang Merah,6068.0
Maluku Utara,2023,Bawang Merah,6106.0
Papua Barat,2023,Bawang Merah,3234.0
Papua,2023,Bawang Merah,127.0
Aceh,2024,Bawang Merah,131743.96
Sumatera Utara,2024,Bawang Merah,580699.86
Sumatera Barat,2024,Bawang Merah,2307184.11
Riau,2024,Bawang Merah,2455.15
Jambi,2024,Bawang Merah,122876.65
Sumatera Selatan,2024,Bawang Merah,8965.03
Bengkulu,2024,Bawang Merah,7222.15
Lampung,2024,Bawang Merah,16451.2
Kepulauan Bangka Belitung,2024,Bawang Merah,1198.46
Kepulauan Riau,2024,Bawang Merah,1022.9
DKI Jakarta,2024,Bawang Merah,129.27
Jawa Barat,2024,Bawang Merah,1998916.86
Jawa Tengah,2024,Bawang Merah,6083512.41
DI Yogyakarta,2024,Bawang Merah,333117.91
Jawa Timur,2024,Bawang Merah,4766597.52
Banten,2024,Bawang Merah,10807.01
Bali,2024,Bawang Merah,350993.58
Nusa Tenggara Barat,2024,Bawang Merah,1598852.8
Nusa Tenggara Timur,2024,Bawang Merah,81046.35
Kalimantan Barat,2024,Bawang Merah,216.88
Kalimantan Tengah,2024,Bawang Merah,462.05
Kalimantan Selatan,2024,Bawang Merah,4900.9
Kalimantan Timur,2024,Bawang Merah,3340.55
Kalimantan Utara,2024,Bawang Merah,
Sulawesi Utara,2024,Bawang Merah,27506.49
Sulawesi Tengah,2024,Bawang Merah,32007.46
Sulawesi Selatan,2024,Bawang Merah,2351022.12
Sulawesi Tenggara,2024,Bawang Merah,7821.48
Gorontalo,2024,Bawang Merah,1956.0
Sulawesi Barat,2024,Bawang Merah,8818.9
Maluku,2024,Bawang Merah,4887.1
Maluku Utara,2024,Bawang Merah,5708.1
Papua Barat,2024,Bawang Merah,1902.36
Papua,2024,Bawang Merah,3226.8
Aceh,2022,Bawang Putih,100.0
Sumatera Utara,2022,Bawang Putih,205.0
Sumatera Barat,2022,Bawang Putih,7907.0
Riau,2022,Bawang Putih,
Jambi,2022,Bawang Putih,130.0
Sumatera Selatan,2022,Bawang Putih,4670.0
Bengkulu,2022,Bawang Putih,2854.0
Lampung,2022,Bawang Putih,30.0
Kepulauan Bangka Belitung,2022,Bawang Putih,
Kepulauan Riau,2022,Bawang Putih,
DKI Jakarta,2022,Bawang Putih,
Jawa Barat,2022,Bawang Putih,4165.0
Jawa Tengah,2022,Bawang Putih,216202.0
DI Yogyakarta,2022,Bawang Putih,
Jawa Timur,2022,Bawang Putih,8545.0
Banten,2022,Bawang Putih,
Bali,2022,Bawang Putih,6893.0
Nusa Tenggara Barat,2022,Bawang Putih,47614.0
Nusa Tenggara Timur,2022,Bawang Putih,4827.0
Kalimantan Barat,2022,Bawang Putih,
Kalimantan Tengah,2022,Bawang Putih,
Kalimantan Selatan,2022,Bawang Putih,
Kalimantan Timur,2022,Bawang Putih,
Kalimantan Utara,2022,Bawang Putih,
Sulawesi Utara,2022,Bawang Putih,
Sulawesi Tengah,2022,Bawang Putih,1160.0
Sulawesi Selatan,2022,Bawang Putih,14.0
Sulawesi Tenggara,2022,Bawang Putih,
Gorontalo,2022,Bawang Putih,
Sulawesi Barat,2022,Bawang Putih,480.0
Maluku,2022,Bawang Putih,
Maluku Utara,2022,Bawang Putih,
Papua Barat,2022,Bawang Putih,27.0
Papua,2022,Bawang Putih,
Aceh,2023,Bawang Putih,200.0
Sumatera Utara,2023,Bawang Putih,154.0
Sumatera Barat,2023,Bawang Putih,5878.0
Riau,2023,Bawang Putih,
Jambi,2023,Bawang Putih,5270.0
Sumatera Selatan,2023,Bawang Putih,495.0
Bengkulu,2023,Bawang Putih,150.0
Lampung,2023,Bawang Putih,7.0
Kepulauan Bangka Belitung,2023,Bawang Putih,
Kepulauan Riau,2023,Bawang Putih,
DKI Jakarta,2023,Bawang Putih,
Jawa Barat,2023,Bawang Putih,2076.0
Jawa Tengah,2023,Bawang Putih,290473.0
DI Yogyakarta,2023,Bawang Putih,
Jawa Timur,2023,Bawang Putih,10533.0
Banten,2023,Bawang Putih,
Bali,2023,Bawang Putih,1671.0
Nusa Tenggara Barat,2023,Bawang Putih,70568.0
Nusa Tenggara Timur,2023,Bawang Putih,3458.0
Kalimantan Barat,2023,Bawang Putih,
Kalimantan Tengah,2023,Bawang Putih,
Kalimantan Selatan,2023,Bawang Putih,
Kalimantan Timur,2023,Bawang Putih,
Kalimantan Utara,2023,Bawang Putih,
Sulawesi Utara,2023,Bawang Putih,
Sulawesi Tengah,2023,Bawang Putih,1519.0
Sulawesi Selatan,2023,Bawang Putih,8.0
Sulawesi Tenggara,2023,Bawang Putih,
Gorontalo,2023,Bawang Putih,
Sulawesi Barat,2023,Bawang Putih,80.0
Maluku,2023,Bawang Putih,
Maluku Utara,2023,Bawang Putih,
Papua Barat,2023,Bawang Putih,1.0
Papua,2023,Bawang Putih,
Aceh,2024,Bawang Putih,
Sumatera Utara,2024,Bawang Putih,366.5
Sumatera Barat,2024,Bawang Putih,8678.5
Riau,2024,Bawang Putih,
Jambi,2024,Bawang Putih,2260.0
Sumatera Selatan,2024,Bawang Putih,
Bengkulu,2024,Bawang Putih,
Lampung,2024,Bawang Putih,50.0
Kepulauan Bangka Belitung,2024,Bawang Putih,
Kepulauan Riau,2024,Bawang Putih,
DKI Jakarta,2024,Bawang Putih,
Jawa Barat,2024,Bawang Putih,3433.0
Jawa Tengah,2024,Bawang Putih,277838.04
DI Yogyakarta,2024,Bawang Putih,
Jawa Timur,2024,Bawang Putih,4826.18
Banten,2024,Bawang Putih,
Bali,2024,Bawang Putih,1166.74
Nusa Tenggara Barat,2024,Bawang Putih,94293.0
Nusa Tenggara Timur,2024,Bawang Putih,1510.24
Kalimantan Barat,2024,Bawang Putih,
Kalimantan Tengah,2024,Bawang Putih,
Kalimantan Selatan,2024,Bawang Putih,
Kalimantan Timur,2024,Bawang Putih,
Kalimantan Utara,2024,Bawang Putih,
Sulawesi Utara,2024,Bawang Putih,
Sulawesi Tengah,2024,Bawang Putih,
Sulawesi Selatan,2024,Bawang Putih,
Sulawesi Tenggara,2024,Bawang Putih,
Gorontalo,2024,Bawang Putih,
Sulawesi Barat,2024,Bawang Putih,
Maluku,2024,Bawang Putih,
Maluku Utara,2024,Bawang Putih,
Papua Barat,2024,Bawang Putih,0.24
Papua,2024,Bawang Putih,6.0
Aceh,2022,Bayam,41209.0
Sumatera Utara,2022,Bayam,167975.0
Sumatera Barat,2022,Bayam,67111.0
Riau,2022,Bayam,105856.0
Jambi,2022,Bayam,42965.0
Sumatera Selatan,2022,Bayam,37739.0
Bengkulu,2022,Bayam,6764.0
Lampung,2022,Bayam,78439.0
Kepulauan Bangka Belitung,2022,Bayam,11906.0
Kepulauan Riau,2022,Bayam,29856.0
DKI Jakarta,2022,Bayam,32784.0
Jawa Barat,2022,Bayam,338038.0
Jawa Tengah,2022,Bayam,113206.0
DI Yogyakarta,2022,Bayam,21282.0
Jawa Timur,2022,Bayam,135074.0
Banten,2022,Bayam,73386.0
Bali,2022,Bayam,8079.0
Nusa Tenggara Barat,2022,Bayam,7115.0
Nusa Tenggara Timur,2022,Bayam,54533.0
Kalimantan Barat,2022,Bayam,31715.0
Kalimantan Tengah,2022,Bayam,14721.0
Kalimantan Selatan,2022,Bayam,13074.0
Kalimantan Timur,2022,Bayam,49297.0
Kalimantan Utara,2022,Bayam,21265.0
Sulawesi Utara,2022,Bayam,4430.0
Sulawesi Tengah,2022,Bayam,14161.0
Sulawesi Selatan,2022,Bayam,53976.0
Sulawesi Tenggara,2022,Bayam,26812.0
Gorontalo,2022,Bayam,503.0
Sulawesi Barat,2022,Bayam,11746.0
Maluku,2022,Bayam,18379.0
Maluku Utara,2022,Bayam,9369.0
Papua Barat,2022,Bayam,42170.0
Papua,2022,Bayam,23276.0
Aceh,2023,Bayam,42747.0
Sumatera Utara,2023,Bayam,168949.0
Sumatera Barat,2023,Bayam,65700.0
Riau,2023,Bayam,100940.0
Jambi,2023,Bayam,57335.0
Sumatera Selatan,2023,Bayam,30428.0
Bengkulu,2023,Bayam,5536.0
Lampung,2023,Bayam,76050.0
Kepulauan Bangka Belitung,2023,Bayam,11331.0
Kepulauan Riau,2023,Bayam,32681.0
DKI Jakarta,2023,Bayam,26393.0
Jawa Barat,2023,Bayam,330618.0
Jawa Tengah,2023,Bayam,117855.0
DI Yogyakarta,2023,Bayam,31864.0
Jawa Timur,2023,Bayam,135867.0
Banten,2023,Bayam,77966.0
Bali,2023,Bayam,8196.0
Nusa Tenggara Barat,2023,Bayam,4707.0
Nusa Tenggara Timur,2023,Bayam,54650.0
Kalimantan Barat,2023,Bayam,34844.0
Kalimantan Tengah,2023,Bayam,11631.0
Kalimantan Selatan,2023,Bayam,9827.0
Kalimantan Timur,2023,Bayam,47425.0
Kalimantan Utara,2023,Bayam,20573.0
Sulawesi Utara,2023,Bayam,6364.0
Sulawesi Tengah,2023,Bayam,12967.0
Sulawesi Selatan,2023,Bayam,44557.0
Sulawesi Tenggara,2023,Bayam,26316.0
Gorontalo,2023,Bayam,465.0
Sulawesi Barat,2023,Bayam,18654.0
Maluku,2023,Bayam,20789.0
Maluku Utara,2023,Bayam,8306.0
Papua Barat,2023,Bayam,10427.0
Papua,2023,Bayam,20384.0
Aceh,2024,Bayam,48085.05
Sumatera Utara,2024,Bayam,175810.08
Sumatera Barat,2024,Bayam,69060.3
Riau,2024,Bayam,93012.73
Jambi,2024,Bayam,49967.77
Sumatera Selatan,2024,Bayam,29139.23
Bengkulu,2024,Bayam,2814.46
Lampung,2024,Bayam,74455.14
Kepulauan Bangka Belitung,2024,Bayam,11493.27
Kepulauan Riau,2024,Bayam,39725.97
DKI Jakarta,2024,Bayam,26831.94
Jawa Barat,2024,Bayam,321912.5
Jawa Tengah,2024,Bayam,123341.4
DI Yogyakarta,2024,Bayam,26928.44
Jawa Timur,2024,Bayam,131621.37
Banten,2024,Bayam,78469.17
Bali,2024,Bayam,8369.24
Nusa Tenggara Barat,2024,Bayam,5383.37
Nusa Tenggara Timur,2024,Bayam,45960.89
Kalimantan Barat,2024,Bayam,33465.42
Kalimantan Tengah,2024,Bayam,10250.45
Kalimantan Selatan,2024,Bayam,11124.69
Kalimantan Timur,2024,Bayam,45080.03
Kalimantan Utara,2024,Bayam,21993.54
Sulawesi Utara,2024,Bayam,5137.91
Sulawesi Tengah,2024,Bayam,12517.2
Sulawesi Selatan,2024,Bayam,46429.6
Sulawesi Tenggara,2024,Bayam,27806.35
Gorontalo,2024,Bayam,133.0
Sulawesi Barat,2024,Bayam,17607.57
Maluku,2024,Bayam,12775.62
Maluku Utara,2024,Bayam,8080.41
Papua Barat,2024,Bayam,5296.74
Papua,2024,Bayam,16475.6
Aceh,2022,Buncis,4958.0
Sumatera Utara,2022,Buncis,468575.0
Sumatera Barat,2022,Buncis,376237.0
Riau,2022,Buncis,335.0
Jambi,2022,Buncis,55984.0
Sumatera Selatan,2022,Buncis,34521.0
Bengkulu,2022,Buncis,350177.0
Lampung,2022,Buncis,42280.0
Kepulauan Bangka Belitung,2022,Buncis,4880.0
Kepulauan Riau,2022,Buncis,1261.0
DKI Jakarta,2022,Buncis,
Jawa Barat,2022,Buncis,921653.0
Jawa Tengah,2022,Buncis,242701.0
DI Yogyakarta,2022,Buncis,1934.0
Jawa Timur,2022,Buncis,282762.0
Banten,2022,Buncis,1101.0
Bali,2022,Buncis,77235.0
Nusa Tenggara Barat,2022,Buncis,66919.0
Nusa Tenggara Timur,2022,Buncis,36065.0
Kalimantan Barat,2022,Buncis,11134.0
Kalimantan Tengah,2022,Buncis,17372.0
Kalimantan Selatan,2022,Buncis,21131.0
Kalimantan Timur,2022,Buncis,55464.0
Kalimantan Utara,2022,Buncis,28969.0
Sulawesi Utara,2022,Buncis,15229.0
Sulawesi Tengah,2022,Buncis,11214.0
Sulawesi Selatan,2022,Buncis,54115.0
Sulawesi Tenggara,2022,Buncis,2359.0
Gorontalo,2022,Buncis,510.0
Sulawesi Barat,2022,Buncis,187.0
Maluku,2022,Buncis,14874.0
Maluku Utara,2022,Buncis,4392.0
Papua Barat,2022,Buncis,30013.0
Papua,2022,Buncis,19478.0
Aceh,2023,Buncis,6251.0
Sumatera Utara,2023,Buncis,483280.0
Sumatera Barat,2023,Buncis,414039.0
Riau,2023,Buncis,262.0
Jambi,2023,Buncis,66474.0
Sumatera Selatan,2023,Buncis,29492.0
Bengkulu,2023,Buncis,290928.0
Lampung,2023,Buncis,55938.0
Kepulauan Bangka Belitung,2023,Buncis,11267.0
Kepulauan Riau,2023,Buncis,1626.0
DKI Jakarta,2023,Buncis,
Jawa Barat,2023,Buncis,784350.0
Jawa Tengah,2023,Buncis,315955.0
DI Yogyakarta,2023,Buncis,2484.0
Jawa Timur,2023,Buncis,218856.0
Banten,2023,Buncis,1280.0
Bali,2023,Buncis,50975.0
Nusa Tenggara Barat,2023,Buncis,28384.0
Nusa Tenggara Timur,2023,Buncis,41133.0
Kalimantan Barat,2023,Buncis,12281.0
Kalimantan Tengah,2023,Buncis,11826.0
Kalimantan Selatan,2023,Buncis,21115.0
Kalimantan Timur,2023,Buncis,44025.0
Kalimantan Utara,2023,Buncis,30384.0
Sulawesi Utara,2023,Buncis,17138.0
Sulawesi Tengah,2023,Buncis,12878.0
Sulawesi Selatan,2023,Buncis,47552.0
Sulawesi Tenggara,2023,Buncis,6208.0
Gorontalo,2023,Buncis,84.0
Sulawesi Barat,2023,Buncis,139.0
Maluku,2023,Buncis,8877.0
Maluku Utara,2023,Buncis,3996.0
Papua Barat,2023,Buncis,14184.0
Papua,2023,Buncis,758.0
Aceh,2024,Buncis,1863.0
Sumatera Utara,2024,Buncis,587554.05
Sumatera Barat,2024,Buncis,487499.68
Riau,2024,Buncis,73.1
Jambi,2024,Buncis,59913.5
Sumatera Selatan,2024,Buncis,21282.75
Bengkulu,2024,Buncis,254228.91
Lampung,2024,Buncis,32327.5
Kepulauan Bangka Belitung,2024,Buncis,4415.2
Kepulauan Riau,2024,Buncis,2704.65
DKI Jakarta,2024,Buncis,
Jawa Barat,2024,Buncis,725193.79
Jawa Tengah,2024,Buncis,295527.81
DI Yogyakarta,2024,Buncis,3631.5
Jawa Timur,2024,Buncis,268271.89
Banten,2024,Buncis,563.0
Bali,2024,Buncis,40726.8
Nusa Tenggara Barat,2024,Buncis,10904.44
Nusa Tenggara Timur,2024,Buncis,34837.04
Kalimantan Barat,2024,Buncis,7991.15
Kalimantan Tengah,2024,Buncis,10952.89
Kalimantan Selatan,2024,Buncis,22252.25
Kalimantan Timur,2024,Buncis,27302.26
Kalimantan Utara,2024,Buncis,34256.5
Sulawesi Utara,2024,Buncis,13931.64
Sulawesi Tengah,2024,Buncis,11348.23
Sulawesi Selatan,2024,Buncis,63792.62
Sulawesi Tenggara,2024,Buncis,3152.95
Gorontalo,2024,Buncis,
Sulawesi Barat,2024,Buncis,87.8
Maluku,2024,Buncis,9186.47
Maluku Utara,2024,Buncis,2448.48
Papua Barat,2024,Buncis,3307.56
Papua,2024,Buncis,1458.3
Aceh,2022,Cabai Besar Tw Teropong,14429.0
Sumatera Utara,2022,Cabai Besar Tw Teropong,264075.0
Sumatera Barat,2022,Cabai Besar Tw Teropong,
Riau,2022,Cabai Besar Tw Teropong,23153.0
Jambi,2022,Cabai Besar Tw Teropong,44695.0
Sumatera Selatan,2022,Cabai Besar Tw Teropong,118681.0
Bengkulu,2022,Cabai Besar Tw Teropong,372493.0
Lampung,2022,Cabai Besar Tw Teropong,69146.0
Kepulauan Bangka Belitung,2022,Cabai Besar Tw Teropong,8100.0
Kepulauan Riau,2022,Cabai Besar Tw Teropong,10464.0
DKI Jakarta,2022,Cabai Besar Tw Teropong,
Jawa Barat,2022,Cabai Besar Tw Teropong,1619987.0
Jawa Tengah,2022,Cabai Besar Tw Teropong,502838.0
DI Yogyakarta,2022,Cabai Besar Tw Teropong,17194.0
Jawa Timur,2022,Cabai Besar Tw Teropong,854435.0
Banten,2022,Cabai Besar Tw Teropong,14525.0
Bali,2022,Cabai Besar Tw Teropong,66299.0
Nusa Tenggara Barat,2022,Cabai Besar Tw Teropong,156370.0
Nusa Tenggara Timur,2022,Cabai Besar Tw Teropong,15148.0
Kalimantan Barat,2022,Cabai Besar Tw Teropong,24976.0
Kalimantan Tengah,2022,Cabai Besar Tw Teropong,9371.0
Kalimantan Selatan,2022,Cabai Besar Tw Teropong,61337.0
Kalimantan Timur,2022,Cabai Besar Tw Teropong,20826.0
Kalimantan Utara,2022,Cabai Besar Tw Teropong,50409.0
Sulawesi Utara,2022,Cabai Besar Tw Teropong,1265.0
Sulawesi Tengah,2022,Cabai Besar Tw Teropong,14356.0
Sulawesi Selatan,2022,Cabai Besar Tw Teropong,133965.0
Sulawesi Tenggara,2022,Cabai Besar Tw Teropong,14744.0
Gorontalo,2022,Cabai Besar Tw Teropong,15489.0
Sulawesi Barat,2022,Cabai Besar Tw Teropong,25184.0
Maluku,2022,Cabai Besar Tw Teropong,8010.0
Maluku Utara,2022,Cabai Besar Tw Teropong,185.0
Papua Barat,2022,Cabai Besar Tw Teropong,10700.0
Papua,2022,Cabai Besar Tw Teropong,21544.0
Aceh,2023,Cabai Besar Tw Teropong,2716.0
Sumatera Utara,2023,Cabai Besar Tw Teropong,126698.0
Sumatera Barat,2023,Cabai Besar Tw Teropong,6.0
Riau,2023,Cabai Besar Tw Teropong,12392.0
Jambi,2023,Cabai Besar Tw Teropong,12196.0
Sumatera Selatan,2023,Cabai Besar Tw Teropong,30116.0
Bengkulu,2023,Cabai Besar Tw Teropong,342571.0
Lampung,2023,Cabai Besar Tw Teropong,71392.0
Kepulauan Bangka Belitung,2023,Cabai Besar Tw Teropong,9561.0
Kepulauan Riau,2023,Cabai Besar Tw Teropong,5437.0
DKI Jakarta,2023,Cabai Besar Tw Teropong,0.0
Jawa Barat,2023,Cabai Besar Tw Teropong,1386710.0
Jawa Tengah,2023,Cabai Besar Tw Teropong,486099.0
DI Yogyakarta,2023,Cabai Besar Tw Teropong,24237.0
Jawa Timur,2023,Cabai Besar Tw Teropong,847119.0
Banten,2023,Cabai Besar Tw Teropong,10823.0
Bali,2023,Cabai Besar Tw Teropong,70826.0
Nusa Tenggara Barat,2023,Cabai Besar Tw Teropong,108288.0
Nusa Tenggara Timur,2023,Cabai Besar Tw Teropong,13039.0
Kalimantan Barat,2023,Cabai Besar Tw Teropong,25419.0
Kalimantan Tengah,2023,Cabai Besar Tw Teropong,6213.0
Kalimantan Selatan,2023,Cabai Besar Tw Teropong,64760.0
Kalimantan Timur,2023,Cabai Besar Tw Teropong,11827.0
Kalimantan Utara,2023,Cabai Besar Tw Teropong,53296.0
Sulawesi Utara,2023,Cabai Besar Tw Teropong,157.0
Sulawesi Tengah,2023,Cabai Besar Tw Teropong,26128.0
Sulawesi Selatan,2023,Cabai Besar Tw Teropong,123486.0
Sulawesi Tenggara,2023,Cabai Besar Tw Teropong,17637.0
Gorontalo,2023,Cabai Besar Tw Teropong,
Sulawesi Barat,2023,Cabai Besar Tw Teropong,28593.0
Maluku,2023,Cabai Besar Tw Teropong,3875.0
Maluku Utara,2023,Cabai Besar Tw Teropong,
Papua Barat,2023,Cabai Besar Tw Teropong,3368.0
Papua,2023,Cabai Besar Tw Teropong,2455.0
Aceh,2024,Cabai Besar Tw Teropong,37287.0
Sumatera Utara,2024,Cabai Besar Tw Teropong,29484.74
Sumatera Barat,2024,Cabai Besar Tw Teropong,2.26
Riau,2024,Cabai Besar Tw Teropong,11396.1
Jambi,2024,Cabai Besar Tw Teropong,11156.0
Sumatera Selatan,2024,Cabai Besar Tw Teropong,66037.9
Bengkulu,2024,Cabai Besar Tw Teropong,296531.85
Lampung,2024,Cabai Besar Tw Teropong,59865.1
Kepulauan Bangka Belitung,2024,Cabai Besar Tw Teropong,
Kepulauan Riau,2024,Cabai Besar Tw Teropong,4496.84
DKI Jakarta,2024,Cabai Besar Tw Teropong,1.2
Jawa Barat,2024,Cabai Besar Tw Teropong,1441340.45
Jawa Tengah,2024,Cabai Besar Tw Teropong,404419.36
DI Yogyakarta,2024,Cabai Besar Tw Teropong,11041.3
Jawa Timur,2024,Cabai Besar Tw Teropong,818452.1
Banten,2024,Cabai Besar Tw Teropong,2841.89
Bali,2024,Cabai Besar Tw Teropong,76145.64
Nusa Tenggara Barat,2024,Cabai Besar Tw Teropong,104445.36
Nusa Tenggara Timur,2024,Cabai Besar Tw Teropong,12829.41
Kalimantan Barat,2024,Cabai Besar Tw Teropong,24415.39
Kalimantan Tengah,2024,Cabai Besar Tw Teropong,7773.67
Kalimantan Selatan,2024,Cabai Besar Tw Teropong,81930.35
Kalimantan Timur,2024,Cabai Besar Tw Teropong,8615.48
Kalimantan Utara,2024,Cabai Besar Tw Teropong,54061.85
Sulawesi Utara,2024,Cabai Besar Tw Teropong,228.5
Sulawesi Tengah,2024,Cabai Besar Tw Teropong,25464.89
Sulawesi Selatan,2024,Cabai Besar Tw Teropong,161909.47
Sulawesi Tenggara,2024,Cabai Besar Tw Teropong,16230.29
Gorontalo,2024,Cabai Besar Tw Teropong,
Sulawesi Barat,2024,Cabai Besar Tw Teropong,23507.01
Maluku,2024,Cabai Besar Tw Teropong,4373.9
Maluku Utara,2024,Cabai Besar Tw Teropong,305.0
Papua Barat,2024,Cabai Besar Tw Teropong,1182.73
Papua,2024,Cabai Besar Tw Teropong,3758.8
Aceh,2022,Cabai Keriting,966417.0
Sumatera Utara,2022,Cabai Keriting,1853392.0
Sumatera Barat,2022,Cabai Keriting,1235035.0
Riau,2022,Cabai Keriting,107892.0
Jambi,2022,Cabai Keriting,936891.0
Sumatera Selatan,2022,Cabai Keriting,136292.0
Bengkulu,2022,Cabai Keriting,215200.0
Lampung,2022,Cabai Keriting,227202.0
Kepulauan Bangka Belitung,2022,Cabai Keriting,52461.0
Kepulauan Riau,2022,Cabai Keriting,25087.0
DKI Jakarta,2022,Cabai Keriting,
Jawa Barat,2022,Cabai Keriting,1956968.0
Jawa Tengah,2022,Cabai Keriting,1364381.0
DI Yogyakarta,2022,Cabai Keriting,336651.0
Jawa Timur,2022,Cabai Keriting,307317.0
Banten,2022,Cabai Keriting,53108.0
Bali,2022,Cabai Keriting,
Nusa Tenggara Barat,2022,Cabai Keriting,60224.0
Nusa Tenggara Timur,2022,Cabai Keriting,21679.0
Kalimantan Barat,2022,Cabai Keriting,8260.0
Kalimantan Tengah,2022,Cabai Keriting,3528.0
Kalimantan Selatan,2022,Cabai Keriting,22829.0
Kalimantan Timur,2022,Cabai Keriting,36498.0
Kalimantan Utara,2022,Cabai Keriting,8114.0
Sulawesi Utara,2022,Cabai Keriting,70570.0
Sulawesi Tengah,2022,Cabai Keriting,47167.0
Sulawesi Selatan,2022,Cabai Keriting,32743.0
Sulawesi Tenggara,2022,Cabai Keriting,10659.0
Gorontalo,2022,Cabai Keriting,446.0
Sulawesi Barat,2022,Cabai Keriting,10840.0
Maluku,2022,Cabai Keriting,23471.0
Maluku Utara,2022,Cabai Keriting,37084.0
Papua Barat,2022,Cabai Keriting,4974.0
Papua,2022,Cabai Keriting,440.0
Aceh,2023,Cabai Keriting,976434.0
Sumatera Utara,2023,Cabai Keriting,2052475.0
Sumatera Barat,2023,Cabai Keriting,1274499.0
Riau,2023,Cabai Keriting,86397.0
Jambi,2023,Cabai Keriting,1566369.0
Sumatera Selatan,2023,Cabai Keriting,122586.0
Bengkulu,2023,Cabai Keriting,216184.0
Lampung,2023,Cabai Keriting,218783.0
Kepulauan Bangka Belitung,2023,Cabai Keriting,63139.0
Kepulauan Riau,2023,Cabai Keriting,28853.0
DKI Jakarta,2023,Cabai Keriting,2.0
Jawa Barat,2023,Cabai Keriting,1862975.0
Jawa Tengah,2023,Cabai Keriting,1883106.0
DI Yogyakarta,2023,Cabai Keriting,441985.0
Jawa Timur,2023,Cabai Keriting,299407.0
Banten,2023,Cabai Keriting,40474.0
Bali,2023,Cabai Keriting,
Nusa Tenggara Barat,2023,Cabai Keriting,51165.0
Nusa Tenggara Timur,2023,Cabai Keriting,18891.0
Kalimantan Barat,2023,Cabai Keriting,5407.0
Kalimantan Tengah,2023,Cabai Keriting,3782.0
Kalimantan Selatan,2023,Cabai Keriting,22873.0
Kalimantan Timur,2023,Cabai Keriting,36473.0
Kalimantan Utara,2023,Cabai Keriting,12992.0
Sulawesi Utara,2023,Cabai Keriting,80115.0
Sulawesi Tengah,2023,Cabai Keriting,65171.0
Sulawesi Selatan,2023,Cabai Keriting,41631.0
Sulawesi Tenggara,2023,Cabai Keriting,16853.0
Gorontalo,2023,Cabai Keriting,12469.0
Sulawesi Barat,2023,Cabai Keriting,11661.0
Maluku,2023,Cabai Keriting,14740.0
Maluku Utara,2023,Cabai Keriting,54203.0
Papua Barat,2023,Cabai Keriting,1361.0
Papua,2023,Cabai Keriting,1066.0
Aceh,2024,Cabai Keriting,652995.97
Sumatera Utara,2024,Cabai Keriting,1901610.35
Sumatera Barat,2024,Cabai Keriting,1144020.55
Riau,2024,Cabai Keriting,79071.0
Jambi,2024,Cabai Keriting,1702847.68
Sumatera Selatan,2024,Cabai Keriting,104204.74
Bengkulu,2024,Cabai Keriting,169233.09
Lampung,2024,Cabai Keriting,212427.05
Kepulauan Bangka Belitung,2024,Cabai Keriting,77745.34
Kepulauan Riau,2024,Cabai Keriting,40587.48
DKI Jakarta,2024,Cabai Keriting,120.6
Jawa Barat,2024,Cabai Keriting,1800944.66
Jawa Tengah,2024,Cabai Keriting,1614656.12
DI Yogyakarta,2024,Cabai Keriting,453980.74
Jawa Timur,2024,Cabai Keriting,371350.9
Banten,2024,Cabai Keriting,30485.17
Bali,2024,Cabai Keriting,17.0
Nusa Tenggara Barat,2024,Cabai Keriting,57033.72
Nusa Tenggara Timur,2024,Cabai Keriting,14125.35
Kalimantan Barat,2024,Cabai Keriting,6692.21
Kalimantan Tengah,2024,Cabai Keriting,2297.1
Kalimantan Selatan,2024,Cabai Keriting,28900.2
Kalimantan Timur,2024,Cabai Keriting,35797.29
Kalimantan Utara,2024,Cabai Keriting,26341.27
Sulawesi Utara,2024,Cabai Keriting,48613.56
Sulawesi Tengah,2024,Cabai Keriting,68823.09
Sulawesi Selatan,2024,Cabai Keriting,70232.67
Sulawesi Tenggara,2024,Cabai Keriting,17092.18
Gorontalo,2024,Cabai Keriting,5770.47
Sulawesi Barat,2024,Cabai Keriting,8087.12
Maluku,2024,Cabai Keriting,17059.1
Maluku Utara,2024,Cabai Keriting,55251.92
Papua Barat,2024,Cabai Keriting,300.68
Papua,2024,Cabai Keriting,506.1
Aceh,2022,Cabai Rawit,653082.0
Sumatera Utara,2022,Cabai Rawit,870122.0
Sumatera Barat,2022,Cabai Rawit,266558.0
Riau,2022,Cabai Rawit,74288.0
Jambi,2022,Cabai Rawit,124289.0
Sumatera Selatan,2022,Cabai Rawit,94606.0
Bengkulu,2022,Cabai Rawit,214266.0
Lampung,2022,Cabai Rawit,111934.0
Kepulauan Bangka Belitung,2022,Cabai Rawit,37098.0
Kepulauan Riau,2022,Cabai Rawit,17729.0
DKI Jakarta,2022,Cabai Rawit,1.0
Jawa Barat,2022,Cabai Rawit,1490531.0
Jawa Tengah,2022,Cabai Rawit,2423032.0
DI Yogyakarta,2022,Cabai Rawit,151977.0
Jawa Timur,2022,Cabai Rawit,6467402.0
Banten,2022,Cabai Rawit,39098.0
Bali,2022,Cabai Rawit,283182.0
Nusa Tenggara Barat,2022,Cabai Rawit,500784.0
Nusa Tenggara Timur,2022,Cabai Rawit,198812.0
Kalimantan Barat,2022,Cabai Rawit,61926.0
Kalimantan Tengah,2022,Cabai Rawit,54191.0
Kalimantan Selatan,2022,Cabai Rawit,117636.0
Kalimantan Timur,2022,Cabai Rawit,77779.0
Kalimantan Utara,2022,Cabai Rawit,58751.0
Sulawesi Utara,2022,Cabai Rawit,190062.0
Sulawesi Tengah,2022,Cabai Rawit,253887.0
Sulawesi Selatan,2022,Cabai Rawit,237614.0
Sulawesi Tenggara,2022,Cabai Rawit,39145.0
Gorontalo,2022,Cabai Rawit,148055.0
Sulawesi Barat,2022,Cabai Rawit,34959.0
Maluku,2022,Cabai Rawit,38465.0
Maluku Utara,2022,Cabai Rawit,28729.0
Papua Barat,2022,Cabai Rawit,41065.0
Papua,2022,Cabai Rawit,43355.0
Aceh,2023,Cabai Rawit,729202.0
Sumatera Utara,2023,Cabai Rawit,868802.0
Sumatera Barat,2023,Cabai Rawit,250812.0
Riau,2023,Cabai Rawit,66068.0
Jambi,2023,Cabai Rawit,160868.0
Sumatera Selatan,2023,Cabai Rawit,77655.0
Bengkulu,2023,Cabai Rawit,225462.0
Lampung,2023,Cabai Rawit,140701.0
Kepulauan Bangka Belitung,2023,Cabai Rawit,55079.0
Kepulauan Riau,2023,Cabai Rawit,12449.0
DKI Jakarta,2023,Cabai Rawit,15.0
Jawa Barat,2023,Cabai Rawit,1639891.0
Jawa Tengah,2023,Cabai Rawit,2492077.0
DI Yogyakarta,2023,Cabai Rawit,213836.0
Jawa Timur,2023,Cabai Rawit,5628161.0
Banten,2023,Cabai Rawit,32269.0
Bali,2023,Cabai Rawit,205230.0
Nusa Tenggara Barat,2023,Cabai Rawit,679631.0
Nusa Tenggara Timur,2023,Cabai Rawit,90736.0
Kalimantan Barat,2023,Cabai Rawit,82783.0
Kalimantan Tengah,2023,Cabai Rawit,69687.0
Kalimantan Selatan,2023,Cabai Rawit,132551.0
Kalimantan Timur,2023,Cabai Rawit,74704.0
Kalimantan Utara,2023,Cabai Rawit,63712.0
Sulawesi Utara,2023,Cabai Rawit,179784.0
Sulawesi Tengah,2023,Cabai Rawit,215521.0
Sulawesi Selatan,2023,Cabai Rawit,284177.0
Sulawesi Tenggara,2023,Cabai Rawit,45290.0
Gorontalo,2023,Cabai Rawit,155226.0
Sulawesi Barat,2023,Cabai Rawit,37099.0
Maluku,2023,Cabai Rawit,45307.0
Maluku Utara,2023,Cabai Rawit,37174.0
Papua Barat,2023,Cabai Rawit,10457.0
Papua,2023,Cabai Rawit,7953.0
Aceh,2024,Cabai Rawit,640914.66
Sumatera Utara,2024,Cabai Rawit,835826.84
Sumatera Barat,2024,Cabai Rawit,279213.69
Riau,2024,Cabai Rawit,62856.38
Jambi,2024,Cabai Rawit,435784.76
Sumatera Selatan,2024,Cabai Rawit,89483.57
Bengkulu,2024,Cabai Rawit,242079.1
Lampung,2024,Cabai Rawit,113333.83
Kepulauan Bangka Belitung,2024,Cabai Rawit,60092.78
Kepulauan Riau,2024,Cabai Rawit,14873.67
DKI Jakarta,2024,Cabai Rawit,404.15
Jawa Barat,2024,Cabai Rawit,1637558.85
Jawa Tengah,2024,Cabai Rawit,2480795.12
DI Yogyakarta,2024,Cabai Rawit,290844.06
Jawa Timur,2024,Cabai Rawit,5689752.04
Banten,2024,Cabai Rawit,26571.26
Bali,2024,Cabai Rawit,220725.81
Nusa Tenggara Barat,2024,Cabai Rawit,941552.26
Nusa Tenggara Timur,2024,Cabai Rawit,112664.23
Kalimantan Barat,2024,Cabai Rawit,98363.93
Kalimantan Tengah,2024,Cabai Rawit,40374.9
Kalimantan Selatan,2024,Cabai Rawit,125753.72
Kalimantan Timur,2024,Cabai Rawit,60583.26
Kalimantan Utara,2024,Cabai Rawit,66463.29
Sulawesi Utara,2024,Cabai Rawit,132955.76
Sulawesi Tengah,2024,Cabai Rawit,229180.07
Sulawesi Selatan,2024,Cabai Rawit,361279.04
Sulawesi Tenggara,2024,Cabai Rawit,38908.56
Gorontalo,2024,Cabai Rawit,103720.4
Sulawesi Barat,2024,Cabai Rawit,32753.37
Maluku,2024,Cabai Rawit,39403.19
Maluku Utara,2024,Cabai Rawit,40166.11
Papua Barat,2024,Cabai Rawit,12905.21
Papua,2024,Cabai Rawit,9057.6
Aceh,2022,Jamur Lainnya,0.09
Sumatera Utara,2022,Jamur Lainnya,
Sumatera Barat,2022,Jamur Lainnya,
Riau,2022,Jamur Lainnya,7.3
Jambi,2022,Jamur Lainnya,
Sumatera Selatan,2022,Jamur Lainnya,0.04
Bengkulu,2022,Jamur Lainnya,0.01
Lampung,2022,Jamur Lainnya,0.86
Kepulauan Bangka Belitung,2022,Jamur Lainnya,
Kepulauan Riau,2022,Jamur Lainnya,
DKI Jakarta,2022,Jamur Lainnya,
Jawa Barat,2022,Jamur Lainnya,18.54
Jawa Tengah,2022,Jamur Lainnya,45.22
DI Yogyakarta,2022,Jamur Lainnya,17.08
Jawa Timur,2022,Jamur Lainnya,122.34
Banten,2022,Jamur Lainnya,
Bali,2022,Jamur Lainnya,
Nusa Tenggara Barat,2022,Jamur Lainnya,0.01
Nusa Tenggara Timur,2022,Jamur Lainnya,0.01
Kalimantan Barat,2022,Jamur Lainnya,
Kalimantan Tengah,2022,Jamur Lainnya,0.15
Kalimantan Selatan,2022,Jamur Lainnya,
Kalimantan Timur,2022,Jamur Lainnya,
Kalimantan Utara,2022,Jamur Lainnya,
Sulawesi Utara,2022,Jamur Lainnya,
Sulawesi Tengah,2022,Jamur Lainnya,0.2
Sulawesi Selatan,2022,Jamur Lainnya,
Sulawesi Tenggara,2022,Jamur Lainnya,
Gorontalo,2022,Jamur Lainnya,
Sulawesi Barat,2022,Jamur Lainnya,
Maluku,2022,Jamur Lainnya,
Maluku Utara,2022,Jamur Lainnya,
Papua Barat,2022,Jamur Lainnya,
Papua,2022,Jamur Lainnya,
Aceh,2023,Jamur Lainnya,0.01
Sumatera Utara,2023,Jamur Lainnya,
Sumatera Barat,2023,Jamur Lainnya,
Riau,2023,Jamur Lainnya,5.1
Jambi,2023,Jamur Lainnya,
Sumatera Selatan,2023,Jamur Lainnya,115.12
Bengkulu,2023,Jamur Lainnya,0.01
Lampung,2023,Jamur Lainnya,27.84
Kepulauan Bangka Belitung,2023,Jamur Lainnya,
Kepulauan Riau,2023,Jamur Lainnya,
DKI Jakarta,2023,Jamur Lainnya,
Jawa Barat,2023,Jamur Lainnya,1.23
Jawa Tengah,2023,Jamur Lainnya,67.05
DI Yogyakarta,2023,Jamur Lainnya,0.32
Jawa Timur,2023,Jamur Lainnya,22.13
Banten,2023,Jamur Lainnya,
Bali,2023,Jamur Lainnya,
Nusa Tenggara Barat,2023,Jamur Lainnya,1.04
Nusa Tenggara Timur,2023,Jamur Lainnya,
Kalimantan Barat,2023,Jamur Lainnya,
Kalimantan Tengah,2023,Jamur Lainnya,
Kalimantan Selatan,2023,Jamur Lainnya,
Kalimantan Timur,2023,Jamur Lainnya,
Kalimantan Utara,2023,Jamur Lainnya,
Sulawesi Utara,2023,Jamur Lainnya,
Sulawesi Tengah,2023,Jamur Lainnya,
Sulawesi Selatan,2023,Jamur Lainnya,0.01
Sulawesi Tenggara,2023,Jamur Lainnya,
Gorontalo,2023,Jamur Lainnya,
Sulawesi Barat,2023,Jamur Lainnya,
Maluku,2023,Jamur Lainnya,
Maluku Utara,2023,Jamur Lainnya,
Papua Barat,2023,Jamur Lainnya,
Papua,2023,Jamur Lainnya,
Aceh,2024,Jamur Lainnya,
Sumatera Utara,2024,Jamur Lainnya,
Sumatera Barat,2024,Jamur Lainnya,
Riau,2024,Jamur Lainnya,590.0
Jambi,2024,Jamur Lainnya,
Sumatera Selatan,2024,Jamur Lainnya,2937.0
Bengkulu,2024,Jamur Lainnya,0.05
Lampung,2024,Jamur Lainnya,2535.9
Kepulauan Bangka Belitung,2024,Jamur Lainnya,
Kepulauan Riau,2024,Jamur Lainnya,
DKI Jakarta,2024,Jamur Lainnya,
Jawa Barat,2024,Jamur Lainnya,332.8
Jawa Tengah,2024,Jamur Lainnya,8912.57
DI Yogyakarta,2024,Jamur Lainnya,74.65
Jawa Timur,2024,Jamur Lainnya,5560.57
Banten,2024,Jamur Lainnya,36.0
Bali,2024,Jamur Lainnya,
Nusa Tenggara Barat,2024,Jamur Lainnya,82.23
Nusa Tenggara Timur,2024,Jamur Lainnya,
Kalimantan Barat,2024,Jamur Lainnya,
Kalimantan Tengah,2024,Jamur Lainnya,
Kalimantan Selatan,2024,Jamur Lainnya,
Kalimantan Timur,2024,Jamur Lainnya,
Kalimantan Utara,2024,Jamur Lainnya,
Sulawesi Utara,2024,Jamur Lainnya,
Sulawesi Tengah,2024,Jamur Lainnya,
Sulawesi Selatan,2024,Jamur Lainnya,0.5
Sulawesi Tenggara,2024,Jamur Lainnya,
Gorontalo,2024,Jamur Lainnya,
Sulawesi Barat,2024,Jamur Lainnya,
Maluku,2024,Jamur Lainnya,
Maluku Utara,2024,Jamur Lainnya,
Papua Barat,2024,Jamur Lainnya,
Papua,2024,Jamur Lainnya,0.12
Aceh,2022,Jamur Merang,0.91
Sumatera Utara,2022,Jamur Merang,
Sumatera Barat,2022,Jamur Merang,
Riau,2022,Jamur Merang,0.0
Jambi,2022,Jamur Merang,
Sumatera Selatan,2022,Jamur Merang,2.0
Bengkulu,2022,Jamur Merang,
Lampung,2022,Jamur Merang,37.38
Kepulauan Bangka Belitung,2022,Jamur Merang,
Kepulauan Riau,2022,Jamur Merang,
DKI Jakarta,2022,Jamur Merang,
Jawa Barat,2022,Jamur Merang,534.09
Jawa Tengah,2022,Jamur Merang,11.61
DI Yogyakarta,2022,Jamur Merang,17.82
Jawa Timur,2022,Jamur Merang,222.13
Banten,2022,Jamur Merang,
Bali,2022,Jamur Merang,
Nusa Tenggara Barat,2022,Jamur Merang,0.06
Nusa Tenggara Timur,2022,Jamur Merang,
Kalimantan Barat,2022,Jamur Merang,0.09
Kalimantan Tengah,2022,Jamur Merang,
Kalimantan Selatan,2022,Jamur Merang,
Kalimantan Timur,2022,Jamur Merang,
Kalimantan Utara,2022,Jamur Merang,
Sulawesi Utara,2022,Jamur Merang,
Sulawesi Tengah,2022,Jamur Merang,
Sulawesi Selatan,2022,Jamur Merang,
Sulawesi Tenggara,2022,Jamur Merang,0.0
Gorontalo,2022,Jamur Merang,
Sulawesi Barat,2022,Jamur Merang,
Maluku,2022,Jamur Merang,
Maluku Utara,2022,Jamur Merang,
Papua Barat,2022,Jamur Merang,
Papua,2022,Jamur Merang,
Aceh,2023,Jamur Merang,0.19
Sumatera Utara,2023,Jamur Merang,0.0
Sumatera Barat,2023,Jamur Merang,
Riau,2023,Jamur Merang,
Jambi,2023,Jamur Merang,
Sumatera Selatan,2023,Jamur Merang,
Bengkulu,2023,Jamur Merang,0.0
Lampung,2023,Jamur Merang,20.29
Kepulauan Bangka Belitung,2023,Jamur Merang,
Kepulauan Riau,2023,Jamur Merang,
DKI Jakarta,2023,Jamur Merang,
Jawa Barat,2023,Jamur Merang,382.66
Jawa Tengah,2023,Jamur Merang,4.45
DI Yogyakarta,2023,Jamur Merang,7.94
Jawa Timur,2023,Jamur Merang,44.62
Banten,2023,Jamur Merang,3.9
Bali,2023,Jamur Merang,
Nusa Tenggara Barat,2023,Jamur Merang,0.01
Nusa Tenggara Timur,2023,Jamur Merang,
Kalimantan Barat,2023,Jamur Merang,0.05
Kalimantan Tengah,2023,Jamur Merang,
Kalimantan Selatan,2023,Jamur Merang,
Kalimantan Timur,2023,Jamur Merang,
Kalimantan Utara,2023,Jamur Merang,
Sulawesi Utara,2023,Jamur Merang,
Sulawesi Tengah,2023,Jamur Merang,
Sulawesi Selatan,2023,Jamur Merang,
Sulawesi Tenggara,2023,Jamur Merang,
Gorontalo,2023,Jamur Merang,
Sulawesi Barat,2023,Jamur Merang,
Maluku,2023,Jamur Merang,
Maluku Utara,2023,Jamur Merang,
Papua Barat,2023,Jamur Merang,
Papua,2023,Jamur Merang,
Aceh,2024,Jamur Merang,23.3
Sumatera Utara,2024,Jamur Merang,145.5
Sumatera Barat,2024,Jamur Merang,
Riau,2024,Jamur Merang,
Jambi,2024,Jamur Merang,
Sumatera Selatan,2024,Jamur Merang,
Bengkulu,2024,Jamur Merang,0.17
Lampung,2024,Jamur Merang,2615.93
Kepulauan Bangka Belitung,2024,Jamur Merang,
Kepulauan Riau,2024,Jamur Merang,
DKI Jakarta,2024,Jamur Merang,
Jawa Barat,2024,Jamur Merang,24477.62
Jawa Tengah,2024,Jamur Merang,462.84
DI Yogyakarta,2024,Jamur Merang,553.7
Jawa Timur,2024,Jamur Merang,3912.14
Banten,2024,Jamur Merang,
Bali,2024,Jamur Merang,
Nusa Tenggara Barat,2024,Jamur Merang,
Nusa Tenggara Timur,2024,Jamur Merang,
Kalimantan Barat,2024,Jamur Merang,
Kalimantan Tengah,2024,Jamur Merang,
Kalimantan Selatan,2024,Jamur Merang,
Kalimantan Timur,2024,Jamur Merang,
Kalimantan Utara,2024,Jamur Merang,
Sulawesi Utara,2024,Jamur Merang,
Sulawesi Tengah,2024,Jamur Merang,
Sulawesi Selatan,2024,Jamur Merang,
Sulawesi Tenggara,2024,Jamur Merang,
Gorontalo,2024,Jamur Merang,
Sulawesi Barat,2024,Jamur Merang,
Maluku,2024,Jamur Merang,
Maluku Utara,2024,Jamur Merang,
Papua Barat,2024,Jamur Merang,
Papua,2024,Jamur Merang,
Aceh,2022,Jamur Tiram,0.55
Sumatera Utara,2022,Jamur Tiram,23.48
Sumatera Barat,2022,Jamur Tiram,5.34
Riau,2022,Jamur Tiram,18.93
Jambi,2022,Jamur Tiram,9.1
Sumatera Selatan,2022,Jamur Tiram,16.44
Bengkulu,2022,Jamur Tiram,412.48
Lampung,2022,Jamur Tiram,121.97
Kepulauan Bangka Belitung,2022,Jamur Tiram,1.63
Kepulauan Riau,2022,Jamur Tiram,13.64
DKI Jakarta,2022,Jamur Tiram,
Jawa Barat,2022,Jamur Tiram,1465.3
Jawa Tengah,2022,Jamur Tiram,1091.03
DI Yogyakarta,2022,Jamur Tiram,84.98
Jawa Timur,2022,Jamur Tiram,1400.44
Banten,2022,Jamur Tiram,29.41
Bali,2022,Jamur Tiram,42.11
Nusa Tenggara Barat,2022,Jamur Tiram,319.78
Nusa Tenggara Timur,2022,Jamur Tiram,0.02
Kalimantan Barat,2022,Jamur Tiram,1.82
Kalimantan Tengah,2022,Jamur Tiram,21.31
Kalimantan Selatan,2022,Jamur Tiram,35.02
Kalimantan Timur,2022,Jamur Tiram,16.7
Kalimantan Utara,2022,Jamur Tiram,0.08
Sulawesi Utara,2022,Jamur Tiram,
Sulawesi Tengah,2022,Jamur Tiram,0.63
Sulawesi Selatan,2022,Jamur Tiram,143.9
Sulawesi Tenggara,2022,Jamur Tiram,1.37
Gorontalo,2022,Jamur Tiram,
Sulawesi Barat,2022,Jamur Tiram,
Maluku,2022,Jamur Tiram,
Maluku Utara,2022,Jamur Tiram,
Papua Barat,2022,Jamur Tiram,0.15
Papua,2022,Jamur Tiram,
Aceh,2023,Jamur Tiram,0.8
Sumatera Utara,2023,Jamur Tiram,6.23
Sumatera Barat,2023,Jamur Tiram,5.7
Riau,2023,Jamur Tiram,15.81
Jambi,2023,Jamur Tiram,12.78
Sumatera Selatan,2023,Jamur Tiram,16.35
Bengkulu,2023,Jamur Tiram,105.19
Lampung,2023,Jamur Tiram,138.11
Kepulauan Bangka Belitung,2023,Jamur Tiram,1.17
Kepulauan Riau,2023,Jamur Tiram,5.79
DKI Jakarta,2023,Jamur Tiram,
Jawa Barat,2023,Jamur Tiram,3204.87
Jawa Tengah,2023,Jamur Tiram,868.45
DI Yogyakarta,2023,Jamur Tiram,61.68
Jawa Timur,2023,Jamur Tiram,659.27
Banten,2023,Jamur Tiram,9.12
Bali,2023,Jamur Tiram,35.48
Nusa Tenggara Barat,2023,Jamur Tiram,80.76
Nusa Tenggara Timur,2023,Jamur Tiram,0.01
Kalimantan Barat,2023,Jamur Tiram,0.03
Kalimantan Tengah,2023,Jamur Tiram,37.57
Kalimantan Selatan,2023,Jamur Tiram,29.57
Kalimantan Timur,2023,Jamur Tiram,29.44
Kalimantan Utara,2023,Jamur Tiram,13.82
Sulawesi Utara,2023,Jamur Tiram,
Sulawesi Tengah,2023,Jamur Tiram,0.07
Sulawesi Selatan,2023,Jamur Tiram,39.19
Sulawesi Tenggara,2023,Jamur Tiram,1.39
Gorontalo,2023,Jamur Tiram,
Sulawesi Barat,2023,Jamur Tiram,
Maluku,2023,Jamur Tiram,
Maluku Utara,2023,Jamur Tiram,
Papua Barat,2023,Jamur Tiram,
Papua,2023,Jamur Tiram,
Aceh,2024,Jamur Tiram,358.55
Sumatera Utara,2024,Jamur Tiram,14875.92
Sumatera Barat,2024,Jamur Tiram,769.56
Riau,2024,Jamur Tiram,8871.53
Jambi,2024,Jamur Tiram,1202.21
Sumatera Selatan,2024,Jamur Tiram,25446.88
Bengkulu,2024,Jamur Tiram,5540.54
Lampung,2024,Jamur Tiram,14369.21
Kepulauan Bangka Belitung,2024,Jamur Tiram,372.11
Kepulauan Riau,2024,Jamur Tiram,359.3
DKI Jakarta,2024,Jamur Tiram,0.01
Jawa Barat,2024,Jamur Tiram,167426.04
Jawa Tengah,2024,Jamur Tiram,71562.93
DI Yogyakarta,2024,Jamur Tiram,16037.99
Jawa Timur,2024,Jamur Tiram,86611.29
Banten,2024,Jamur Tiram,1324.92
Bali,2024,Jamur Tiram,156.74
Nusa Tenggara Barat,2024,Jamur Tiram,1501.07
Nusa Tenggara Timur,2024,Jamur Tiram,0.1
Kalimantan Barat,2024,Jamur Tiram,2.49
Kalimantan Tengah,2024,Jamur Tiram,638.92
Kalimantan Selatan,2024,Jamur Tiram,1211.91
Kalimantan Timur,2024,Jamur Tiram,14496.68
Kalimantan Utara,2024,Jamur Tiram,6813.71
Sulawesi Utara,2024,Jamur Tiram,
Sulawesi Tengah,2024,Jamur Tiram,0.25
Sulawesi Selatan,2024,Jamur Tiram,2751.15
Sulawesi Tenggara,2024,Jamur Tiram,129.35
Gorontalo,2024,Jamur Tiram,0.16
Sulawesi Barat,2024,Jamur Tiram,1.0
Maluku,2024,Jamur Tiram,
Maluku Utara,2024,Jamur Tiram,
Papua Barat,2024,Jamur Tiram,
Papua,2024,Jamur Tiram,
Aceh,2022,Kacang Panjang,121890.0
Sumatera Utara,2022,Kacang Panjang,263326.0
Sumatera Barat,2022,Kacang Panjang,154328.0
Riau,2022,Kacang Panjang,89617.0
Jambi,2022,Kacang Panjang,81693.0
Sumatera Selatan,2022,Kacang Panjang,98872.0
Bengkulu,2022,Kacang Panjang,83757.0
Lampung,2022,Kacang Panjang,135277.0
Kepulauan Bangka Belitung,2022,Kacang Panjang,28272.0
Kepulauan Riau,2022,Kacang Panjang,46856.0
DKI Jakarta,2022,Kacang Panjang,
Jawa Barat,2022,Kacang Panjang,816614.0
Jawa Tengah,2022,Kacang Panjang,237567.0
DI Yogyakarta,2022,Kacang Panjang,28889.0
Jawa Timur,2022,Kacang Panjang,349416.0
Banten,2022,Kacang Panjang,153835.0
Bali,2022,Kacang Panjang,47239.0
Nusa Tenggara Barat,2022,Kacang Panjang,117003.0
Nusa Tenggara Timur,2022,Kacang Panjang,63421.0
Kalimantan Barat,2022,Kacang Panjang,73572.0
Kalimantan Tengah,2022,Kacang Panjang,43644.0
Kalimantan Selatan,2022,Kacang Panjang,43168.0
Kalimantan Timur,2022,Kacang Panjang,94756.0
Kalimantan Utara,2022,Kacang Panjang,28735.0
Sulawesi Utara,2022,Kacang Panjang,20150.0
Sulawesi Tengah,2022,Kacang Panjang,27125.0
Sulawesi Selatan,2022,Kacang Panjang,104368.0
Sulawesi Tenggara,2022,Kacang Panjang,38211.0
Gorontalo,2022,Kacang Panjang,4321.0
Sulawesi Barat,2022,Kacang Panjang,23911.0
Maluku,2022,Kacang Panjang,31722.0
Maluku Utara,2022,Kacang Panjang,38997.0
Papua Barat,2022,Kacang Panjang,76273.0
Papua,2022,Kacang Panjang,41891.0
Aceh,2023,Kacang Panjang,128000.0
Sumatera Utara,2023,Kacang Panjang,316824.0
Sumatera Barat,2023,Kacang Panjang,148330.0
Riau,2023,Kacang Panjang,82134.0
Jambi,2023,Kacang Panjang,79410.0
Sumatera Selatan,2023,Kacang Panjang,68492.0
Bengkulu,2023,Kacang Panjang,82108.0
Lampung,2023,Kacang Panjang,133658.0
Kepulauan Bangka Belitung,2023,Kacang Panjang,34865.0
Kepulauan Riau,2023,Kacang Panjang,28083.0
DKI Jakarta,2023,Kacang Panjang,2.0
Jawa Barat,2023,Kacang Panjang,665755.0
Jawa Tengah,2023,Kacang Panjang,219062.0
DI Yogyakarta,2023,Kacang Panjang,24258.0
Jawa Timur,2023,Kacang Panjang,300744.0
Banten,2023,Kacang Panjang,55583.0
Bali,2023,Kacang Panjang,46782.0
Nusa Tenggara Barat,2023,Kacang Panjang,67119.0
Nusa Tenggara Timur,2023,Kacang Panjang,54838.0
Kalimantan Barat,2023,Kacang Panjang,65364.0
Kalimantan Tengah,2023,Kacang Panjang,40045.0
Kalimantan Selatan,2023,Kacang Panjang,38778.0
Kalimantan Timur,2023,Kacang Panjang,67469.0
Kalimantan Utara,2023,Kacang Panjang,31054.0
Sulawesi Utara,2023,Kacang Panjang,18163.0
Sulawesi Tengah,2023,Kacang Panjang,25941.0
Sulawesi Selatan,2023,Kacang Panjang,84332.0
Sulawesi Tenggara,2023,Kacang Panjang,36672.0
Gorontalo,2023,Kacang Panjang,3250.0
Sulawesi Barat,2023,Kacang Panjang,27248.0
Maluku,2023,Kacang Panjang,23366.0
Maluku Utara,2023,Kacang Panjang,41575.0
Papua Barat,2023,Kacang Panjang,8814.0
Papua,2023,Kacang Panjang,7216.0
Aceh,2024,Kacang Panjang,154819.13
Sumatera Utara,2024,Kacang Panjang,290003.04
Sumatera Barat,2024,Kacang Panjang,142584.61
Riau,2024,Kacang Panjang,90389.66
Jambi,2024,Kacang Panjang,87112.8
Sumatera Selatan,2024,Kacang Panjang,58329.02
Bengkulu,2024,Kacang Panjang,90098.6
Lampung,2024,Kacang Panjang,121352.98
Kepulauan Bangka Belitung,2024,Kacang Panjang,15562.99
Kepulauan Riau,2024,Kacang Panjang,35166.45
DKI Jakarta,2024,Kacang Panjang,5.24
Jawa Barat,2024,Kacang Panjang,609758.01
Jawa Tengah,2024,Kacang Panjang,189720.94
DI Yogyakarta,2024,Kacang Panjang,24710.59
Jawa Timur,2024,Kacang Panjang,281175.56
Banten,2024,Kacang Panjang,40525.1
Bali,2024,Kacang Panjang,61476.47
Nusa Tenggara Barat,2024,Kacang Panjang,38098.49
Nusa Tenggara Timur,2024,Kacang Panjang,63409.03
Kalimantan Barat,2024,Kacang Panjang,68693.66
Kalimantan Tengah,2024,Kacang Panjang,28588.1
Kalimantan Selatan,2024,Kacang Panjang,37935.11
Kalimantan Timur,2024,Kacang Panjang,52034.4
Kalimantan Utara,2024,Kacang Panjang,33324.15
Sulawesi Utara,2024,Kacang Panjang,11311.4
Sulawesi Tengah,2024,Kacang Panjang,33441.78
Sulawesi Selatan,2024,Kacang Panjang,79288.69
Sulawesi Tenggara,2024,Kacang Panjang,35180.01
Gorontalo,2024,Kacang Panjang,6811.5
Sulawesi Barat,2024,Kacang Panjang,22338.55
Maluku,2024,Kacang Panjang,13942.24
Maluku Utara,2024,Kacang Panjang,35226.03
Papua Barat,2024,Kacang Panjang,7953.6
Papua,2024,Kacang Panjang,7801.78
Aceh,2022,Kangkung,74814.0
Sumatera Utara,2022,Kangkung,230025.0
Sumatera Barat,2022,Kangkung,102363.0
Riau,2022,Kangkung,124982.0
Jambi,2022,Kangkung,53155.0
Sumatera Selatan,2022,Kangkung,78732.0
Bengkulu,2022,Kangkung,33242.0
Lampung,2022,Kangkung,133644.0
Kepulauan Bangka Belitung,2022,Kangkung,17745.0
Kepulauan Riau,2022,Kangkung,37950.0
DKI Jakarta,2022,Kangkung,47268.0
Jawa Barat,2022,Kangkung,595997.0
Jawa Tengah,2022,Kangkung,316741.0
DI Yogyakarta,2022,Kangkung,41119.0
Jawa Timur,2022,Kangkung,382230.0
Banten,2022,Kangkung,92173.0
Bali,2022,Kangkung,52577.0
Nusa Tenggara Barat,2022,Kangkung,75513.0
Nusa Tenggara Timur,2022,Kangkung,148241.0
Kalimantan Barat,2022,Kangkung,52325.0
Kalimantan Tengah,2022,Kangkung,20886.0
Kalimantan Selatan,2022,Kangkung,14364.0
Kalimantan Timur,2022,Kangkung,110258.0
Kalimantan Utara,2022,Kangkung,35285.0
Sulawesi Utara,2022,Kangkung,40330.0
Sulawesi Tengah,2022,Kangkung,23639.0
Sulawesi Selatan,2022,Kangkung,110856.0
Sulawesi Tenggara,2022,Kangkung,43149.0
Gorontalo,2022,Kangkung,2157.0
Sulawesi Barat,2022,Kangkung,18860.0
Maluku,2022,Kangkung,43424.0
Maluku Utara,2022,Kangkung,21010.0
Papua Barat,2022,Kangkung,60643.0
Papua,2022,Kangkung,60462.0
Aceh,2023,Kangkung,71250.0
Sumatera Utara,2023,Kangkung,250171.0
Sumatera Barat,2023,Kangkung,96960.0
Riau,2023,Kangkung,134636.0
Jambi,2023,Kangkung,62892.0
Sumatera Selatan,2023,Kangkung,57524.0
Bengkulu,2023,Kangkung,27980.0
Lampung,2023,Kangkung,131899.0
Kepulauan Bangka Belitung,2023,Kangkung,17405.0
Kepulauan Riau,2023,Kangkung,40074.0
DKI Jakarta,2023,Kangkung,41553.0
Jawa Barat,2023,Kangkung,632002.0
Jawa Tengah,2023,Kangkung,301454.0
DI Yogyakarta,2023,Kangkung,57538.0
Jawa Timur,2023,Kangkung,305396.0
Banten,2023,Kangkung,105078.0
Bali,2023,Kangkung,74474.0
Nusa Tenggara Barat,2023,Kangkung,66638.0
Nusa Tenggara Timur,2023,Kangkung,140196.0
Kalimantan Barat,2023,Kangkung,46379.0
Kalimantan Tengah,2023,Kangkung,20790.0
Kalimantan Selatan,2023,Kangkung,14026.0
Kalimantan Timur,2023,Kangkung,93938.0
Kalimantan Utara,2023,Kangkung,39378.0
Sulawesi Utara,2023,Kangkung,38964.0
Sulawesi Tengah,2023,Kangkung,24998.0
Sulawesi Selatan,2023,Kangkung,95732.0
Sulawesi Tenggara,2023,Kangkung,39798.0
Gorontalo,2023,Kangkung,2731.0
Sulawesi Barat,2023,Kangkung,19876.0
Maluku,2023,Kangkung,33040.0
Maluku Utara,2023,Kangkung,27573.0
Papua Barat,2023,Kangkung,17867.0
Papua,2023,Kangkung,20793.0
Aceh,2024,Kangkung,74630.61
Sumatera Utara,2024,Kangkung,244620.46
Sumatera Barat,2024,Kangkung,84624.2
Riau,2024,Kangkung,121781.28
Jambi,2024,Kangkung,64119.0
Sumatera Selatan,2024,Kangkung,39568.15
Bengkulu,2024,Kangkung,24067.05
Lampung,2024,Kangkung,134081.88
Kepulauan Bangka Belitung,2024,Kangkung,16339.81
Kepulauan Riau,2024,Kangkung,45148.56
DKI Jakarta,2024,Kangkung,37592.51
Jawa Barat,2024,Kangkung,634428.87
Jawa Tengah,2024,Kangkung,285125.29
DI Yogyakarta,2024,Kangkung,58255.59
Jawa Timur,2024,Kangkung,302684.21
Banten,2024,Kangkung,102819.0
Bali,2024,Kangkung,52921.42
Nusa Tenggara Barat,2024,Kangkung,78383.84
Nusa Tenggara Timur,2024,Kangkung,112295.21
Kalimantan Barat,2024,Kangkung,46737.19
Kalimantan Tengah,2024,Kangkung,14853.19
Kalimantan Selatan,2024,Kangkung,10038.0
Kalimantan Timur,2024,Kangkung,83824.84
Kalimantan Utara,2024,Kangkung,47508.12
Sulawesi Utara,2024,Kangkung,43585.95
Sulawesi Tengah,2024,Kangkung,27167.45
Sulawesi Selatan,2024,Kangkung,95477.32
Sulawesi Tenggara,2024,Kangkung,43012.78
Gorontalo,2024,Kangkung,7507.25
Sulawesi Barat,2024,Kangkung,18764.25
Maluku,2024,Kangkung,30888.29
Maluku Utara,2024,Kangkung,20735.65
Papua Barat,2024,Kangkung,11333.25
Papua,2024,Kangkung,23541.76
Aceh,2022,Kembang Kol,6303.0
Sumatera Utara,2022,Kembang Kol,573404.0
Sumatera Barat,2022,Kembang Kol,113859.0
Riau,2022,Kembang Kol,131.0
Jambi,2022,Kembang Kol,43960.0
Sumatera Selatan,2022,Kembang Kol,5488.0
Bengkulu,2022,Kembang Kol,132635.0
Lampung,2022,Kembang Kol,4616.0
Kepulauan Bangka Belitung,2022,Kembang Kol,
Kepulauan Riau,2022,Kembang Kol,
DKI Jakarta,2022,Kembang Kol,53.0
Jawa Barat,2022,Kembang Kol,357000.0
Jawa Tengah,2022,Kembang Kol,373536.0
DI Yogyakarta,2022,Kembang Kol,1487.0
Jawa Timur,2022,Kembang Kol,212653.0
Banten,2022,Kembang Kol,70.0
Bali,2022,Kembang Kol,16068.0
Nusa Tenggara Barat,2022,Kembang Kol,19322.0
Nusa Tenggara Timur,2022,Kembang Kol,9626.0
Kalimantan Barat,2022,Kembang Kol,102.0
Kalimantan Tengah,2022,Kembang Kol,1010.0
Kalimantan Selatan,2022,Kembang Kol,701.0
Kalimantan Timur,2022,Kembang Kol,1245.0
Kalimantan Utara,2022,Kembang Kol,2.0
Sulawesi Utara,2022,Kembang Kol,9881.0
Sulawesi Tengah,2022,Kembang Kol,5059.0
Sulawesi Selatan,2022,Kembang Kol,27932.0
Sulawesi Tenggara,2022,Kembang Kol,155.0
Gorontalo,2022,Kembang Kol,
Sulawesi Barat,2022,Kembang Kol,
Maluku,2022,Kembang Kol,710.0
Maluku Utara,2022,Kembang Kol,1895.0
Papua Barat,2022,Kembang Kol,1644.0
Papua,2022,Kembang Kol,666.0
Aceh,2023,Kembang Kol,4171.0
Sumatera Utara,2023,Kembang Kol,573838.0
Sumatera Barat,2023,Kembang Kol,102962.0
Riau,2023,Kembang Kol,54.0
Jambi,2023,Kembang Kol,29488.0
Sumatera Selatan,2023,Kembang Kol,7977.0
Bengkulu,2023,Kembang Kol,118282.0
Lampung,2023,Kembang Kol,4817.0
Kepulauan Bangka Belitung,2023,Kembang Kol,
Kepulauan Riau,2023,Kembang Kol,
DKI Jakarta,2023,Kembang Kol,111.0
Jawa Barat,2023,Kembang Kol,309684.0
Jawa Tengah,2023,Kembang Kol,326293.0
DI Yogyakarta,2023,Kembang Kol,1651.0
Jawa Timur,2023,Kembang Kol,189182.0
Banten,2023,Kembang Kol,297.0
Bali,2023,Kembang Kol,14285.0
Nusa Tenggara Barat,2023,Kembang Kol,9063.0
Nusa Tenggara Timur,2023,Kembang Kol,7391.0
Kalimantan Barat,2023,Kembang Kol,368.0
Kalimantan Tengah,2023,Kembang Kol,451.0
Kalimantan Selatan,2023,Kembang Kol,533.0
Kalimantan Timur,2023,Kembang Kol,1625.0
Kalimantan Utara,2023,Kembang Kol,1.0
Sulawesi Utara,2023,Kembang Kol,14250.0
Sulawesi Tengah,2023,Kembang Kol,7748.0
Sulawesi Selatan,2023,Kembang Kol,23551.0
Sulawesi Tenggara,2023,Kembang Kol,146.0
Gorontalo,2023,Kembang Kol,13.0
Sulawesi Barat,2023,Kembang Kol,
Maluku,2023,Kembang Kol,634.0
Maluku Utara,2023,Kembang Kol,40.0
Papua Barat,2023,Kembang Kol,260.0
Papua,2023,Kembang Kol,283.0
Aceh,2024,Kembang Kol,3971.0
Sumatera Utara,2024,Kembang Kol,633798.4
Sumatera Barat,2024,Kembang Kol,105884.5
Riau,2024,Kembang Kol,36.52
Jambi,2024,Kembang Kol,51665.0
Sumatera Selatan,2024,Kembang Kol,2693.3
Bengkulu,2024,Kembang Kol,108248.0
Lampung,2024,Kembang Kol,4088.0
Kepulauan Bangka Belitung,2024,Kembang Kol,
Kepulauan Riau,2024,Kembang Kol,0.3
DKI Jakarta,2024,Kembang Kol,66.0
Jawa Barat,2024,Kembang Kol,323133.05
Jawa Tengah,2024,Kembang Kol,257821.25
DI Yogyakarta,2024,Kembang Kol,478.43
Jawa Timur,2024,Kembang Kol,236106.72
Banten,2024,Kembang Kol,
Bali,2024,Kembang Kol,11370.65
Nusa Tenggara Barat,2024,Kembang Kol,10477.5
Nusa Tenggara Timur,2024,Kembang Kol,7341.91
Kalimantan Barat,2024,Kembang Kol,
Kalimantan Tengah,2024,Kembang Kol,55.5
Kalimantan Selatan,2024,Kembang Kol,625.5
Kalimantan Timur,2024,Kembang Kol,1076.28
Kalimantan Utara,2024,Kembang Kol,1.5
Sulawesi Utara,2024,Kembang Kol,15514.27
Sulawesi Tengah,2024,Kembang Kol,7814.7
Sulawesi Selatan,2024,Kembang Kol,24241.58
Sulawesi Tenggara,2024,Kembang Kol,212.75
Gorontalo,2024,Kembang Kol,103.0
Sulawesi Barat,2024,Kembang Kol,
Maluku,2024,Kembang Kol,416.0
Maluku Utara,2024,Kembang Kol,94.0
Papua Barat,2024,Kembang Kol,122.08
Papua,2024,Kembang Kol,597.0
Aceh,2022,Kentang,142944.0
Sumatera Utara,2022,Kentang,1488725.0
Sumatera Barat,2022,Kentang,239736.0
Riau,2022,Kentang,
Jambi,2022,Kentang,1847206.0
Sumatera Selatan,2022,Kentang,5653.0
Bengkulu,2022,Kentang,39027.0
Lampung,2022,Kentang,1947.0
Kepulauan Bangka Belitung,2022,Kentang,
Kepulauan Riau,2022,Kentang,
DKI Jakarta,2022,Kentang,
Jawa Barat,2022,Kentang,2720738.0
Jawa Tengah,2022,Kentang,2787168.0
DI Yogyakarta,2022,Kentang,
Jawa Timur,2022,Kentang,3851238.0
Banten,2022,Kentang,52.0
Bali,2022,Kentang,664.0
Nusa Tenggara Barat,2022,Kentang,28770.0
Nusa Tenggara Timur,2022,Kentang,3335.0
Kalimantan Barat,2022,Kentang,
Kalimantan Tengah,2022,Kentang,
Kalimantan Selatan,2022,Kentang,
Kalimantan Timur,2022,Kentang,
Kalimantan Utara,2022,Kentang,
Sulawesi Utara,2022,Kentang,951391.0
Sulawesi Tengah,2022,Kentang,4258.0
Sulawesi Selatan,2022,Kentang,926133.0
Sulawesi Tenggara,2022,Kentang,
Gorontalo,2022,Kentang,
Sulawesi Barat,2022,Kentang,700.0
Maluku,2022,Kentang,9.0
Maluku Utara,2022,Kentang,
Papua Barat,2022,Kentang,287.0
Papua,2022,Kentang,2.0
Aceh,2023,Kentang,91092.0
Sumatera Utara,2023,Kentang,1391722.0
Sumatera Barat,2023,Kentang,316022.0
Riau,2023,Kentang,
Jambi,2023,Kentang,1860376.0
Sumatera Selatan,2023,Kentang,14237.0
Bengkulu,2023,Kentang,32905.0
Lampung,2023,Kentang,1827.0
Kepulauan Bangka Belitung,2023,Kentang,
Kepulauan Riau,2023,Kentang,
DKI Jakarta,2023,Kentang,
Jawa Barat,2023,Kentang,2264196.0
Jawa Tengah,2023,Kentang,2486999.0
DI Yogyakarta,2023,Kentang,
Jawa Timur,2023,Kentang,2788039.0
Banten,2023,Kentang,
Bali,2023,Kentang,2402.0
Nusa Tenggara Barat,2023,Kentang,22010.0
Nusa Tenggara Timur,2023,Kentang,4517.0
Kalimantan Barat,2023,Kentang,
Kalimantan Tengah,2023,Kentang,
Kalimantan Selatan,2023,Kentang,
Kalimantan Timur,2023,Kentang,
Kalimantan Utara,2023,Kentang,
Sulawesi Utara,2023,Kentang,602169.0
Sulawesi Tengah,2023,Kentang,8103.0
Sulawesi Selatan,2023,Kentang,595942.0
Sulawesi Tenggara,2023,Kentang,6.0
Gorontalo,2023,Kentang,
Sulawesi Barat,2023,Kentang,300.0
Maluku,2023,Kentang,261.0
Maluku Utara,2023,Kentang,
Papua Barat,2023,Kentang,1733.0
Papua,2023,Kentang,
Aceh,2024,Kentang,109741.0
Sumatera Utara,2024,Kentang,1366082.14
Sumatera Barat,2024,Kentang,174808.0
Riau,2024,Kentang,
Jambi,2024,Kentang,1379840.0
Sumatera Selatan,2024,Kentang,7615.0
Bengkulu,2024,Kentang,35858.0
Lampung,2024,Kentang,525.0
Kepulauan Bangka Belitung,2024,Kentang,
Kepulauan Riau,2024,Kentang,
DKI Jakarta,2024,Kentang,
Jawa Barat,2024,Kentang,2485683.0
Jawa Tengah,2024,Kentang,2935828.43
DI Yogyakarta,2024,Kentang,10.0
Jawa Timur,2024,Kentang,3018745.28
Banten,2024,Kentang,
Bali,2024,Kentang,1380.5
Nusa Tenggara Barat,2024,Kentang,17370.0
Nusa Tenggara Timur,2024,Kentang,1020.3
Kalimantan Barat,2024,Kentang,
Kalimantan Tengah,2024,Kentang,
Kalimantan Selatan,2024,Kentang,
Kalimantan Timur,2024,Kentang,
Kalimantan Utara,2024,Kentang,
Sulawesi Utara,2024,Kentang,522466.0
Sulawesi Tengah,2024,Kentang,8176.0
Sulawesi Selatan,2024,Kentang,603210.61
Sulawesi Tenggara,2024,Kentang,53.0
Gorontalo,2024,Kentang,
Sulawesi Barat,2024,Kentang,802.0
Maluku,2024,Kentang,222.0
Maluku Utara,2024,Kentang,
Papua Barat,2024,Kentang,732.38
Papua,2024,Kentang,9.0
Aceh,2022,Ketimun,137018.0
Sumatera Utara,2022,Ketimun,250302.0
Sumatera Barat,2022,Ketimun,181931.0
Riau,2022,Ketimun,155466.0
Jambi,2022,Ketimun,54387.0
Sumatera Selatan,2022,Ketimun,118327.0
Bengkulu,2022,Ketimun,185412.0
Lampung,2022,Ketimun,112413.0
Kepulauan Bangka Belitung,2022,Ketimun,47806.0
Kepulauan Riau,2022,Ketimun,44211.0
DKI Jakarta,2022,Ketimun,
Jawa Barat,2022,Ketimun,1355202.0
Jawa Tengah,2022,Ketimun,246024.0
DI Yogyakarta,2022,Ketimun,12490.0
Jawa Timur,2022,Ketimun,543945.0
Banten,2022,Ketimun,158509.0
Bali,2022,Ketimun,46846.0
Nusa Tenggara Barat,2022,Ketimun,68737.0
Nusa Tenggara Timur,2022,Ketimun,53054.0
Kalimantan Barat,2022,Ketimun,91241.0
Kalimantan Tengah,2022,Ketimun,53670.0
Kalimantan Selatan,2022,Ketimun,42908.0
Kalimantan Timur,2022,Ketimun,119111.0
Kalimantan Utara,2022,Ketimun,48169.0
Sulawesi Utara,2022,Ketimun,25590.0
Sulawesi Tengah,2022,Ketimun,31381.0
Sulawesi Selatan,2022,Ketimun,91509.0
Sulawesi Tenggara,2022,Ketimun,24343.0
Gorontalo,2022,Ketimun,1727.0
Sulawesi Barat,2022,Ketimun,13377.0
Maluku,2022,Ketimun,26930.0
Maluku Utara,2022,Ketimun,31972.0
Papua Barat,2022,Ketimun,47618.0
Papua,2022,Ketimun,18944.0
Aceh,2023,Ketimun,148638.0
Sumatera Utara,2023,Ketimun,285731.0
Sumatera Barat,2023,Ketimun,188008.0
Riau,2023,Ketimun,141492.0
Jambi,2023,Ketimun,56361.0
Sumatera Selatan,2023,Ketimun,94853.0
Bengkulu,2023,Ketimun,172715.0
Lampung,2023,Ketimun,115272.0
Kepulauan Bangka Belitung,2023,Ketimun,59675.0
Kepulauan Riau,2023,Ketimun,29526.0
DKI Jakarta,2023,Ketimun,0.0
Jawa Barat,2023,Ketimun,1251704.0
Jawa Tengah,2023,Ketimun,280167.0
DI Yogyakarta,2023,Ketimun,16224.0
Jawa Timur,2023,Ketimun,475640.0
Banten,2023,Ketimun,78721.0
Bali,2023,Ketimun,55679.0
Nusa Tenggara Barat,2023,Ketimun,41814.0
Nusa Tenggara Timur,2023,Ketimun,44103.0
Kalimantan Barat,2023,Ketimun,90433.0
Kalimantan Tengah,2023,Ketimun,55108.0
Kalimantan Selatan,2023,Ketimun,40097.0
Kalimantan Timur,2023,Ketimun,105926.0
Kalimantan Utara,2023,Ketimun,52309.0
Sulawesi Utara,2023,Ketimun,21850.0
Sulawesi Tengah,2023,Ketimun,27068.0
Sulawesi Selatan,2023,Ketimun,87166.0
Sulawesi Tenggara,2023,Ketimun,23728.0
Gorontalo,2023,Ketimun,4793.0
Sulawesi Barat,2023,Ketimun,21298.0
Maluku,2023,Ketimun,27860.0
Maluku Utara,2023,Ketimun,25393.0
Papua Barat,2023,Ketimun,19184.0
Papua,2023,Ketimun,3975.0
Aceh,2024,Ketimun,169598.75
Sumatera Utara,2024,Ketimun,255289.46
Sumatera Barat,2024,Ketimun,194220.05
Riau,2024,Ketimun,111918.99
Jambi,2024,Ketimun,63990.15
Sumatera Selatan,2024,Ketimun,58261.14
Bengkulu,2024,Ketimun,179248.25
Lampung,2024,Ketimun,108628.13
Kepulauan Bangka Belitung,2024,Ketimun,32351.41
Kepulauan Riau,2024,Ketimun,34982.34
DKI Jakarta,2024,Ketimun,29.5
Jawa Barat,2024,Ketimun,1183893.87
Jawa Tengah,2024,Ketimun,260030.4
DI Yogyakarta,2024,Ketimun,13669.68
Jawa Timur,2024,Ketimun,545553.42
Banten,2024,Ketimun,58680.1
Bali,2024,Ketimun,57362.56
Nusa Tenggara Barat,2024,Ketimun,33190.4
Nusa Tenggara Timur,2024,Ketimun,41389.66
Kalimantan Barat,2024,Ketimun,97012.36
Kalimantan Tengah,2024,Ketimun,40907.94
Kalimantan Selatan,2024,Ketimun,43461.58
Kalimantan Timur,2024,Ketimun,88165.61
Kalimantan Utara,2024,Ketimun,56706.85
Sulawesi Utara,2024,Ketimun,15251.56
Sulawesi Tengah,2024,Ketimun,44336.32
Sulawesi Selatan,2024,Ketimun,59183.57
Sulawesi Tenggara,2024,Ketimun,25071.52
Gorontalo,2024,Ketimun,5692.0
Sulawesi Barat,2024,Ketimun,18765.8
Maluku,2024,Ketimun,15519.27
Maluku Utara,2024,Ketimun,22997.48
Papua Barat,2024,Ketimun,7471.51
Papua,2024,Ketimun,4258.75
Aceh,2022,Kubis,62940.0
Sumatera Utara,2022,Kubis,2366111.0
Sumatera Barat,2022,Kubis,1639820.0
Riau,2022,Kubis,11.0
Jambi,2022,Kubis,843194.0
Sumatera Selatan,2022,Kubis,38419.0
Bengkulu,2022,Kubis,774139.0
Lampung,2022,Kubis,68231.0
Kepulauan Bangka Belitung,2022,Kubis,
Kepulauan Riau,2022,Kubis,25.0
DKI Jakarta,2022,Kubis,60.0
Jawa Barat,2022,Kubis,2363680.0
Jawa Tengah,2022,Kubis,2245449.0
DI Yogyakarta,2022,Kubis,
Jawa Timur,2022,Kubis,2104541.0
Banten,2022,Kubis,230.0
Bali,2022,Kubis,337297.0
Nusa Tenggara Barat,2022,Kubis,97912.0
Nusa Tenggara Timur,2022,Kubis,30090.0
Kalimantan Barat,2022,Kubis,
Kalimantan Tengah,2022,Kubis,212.0
Kalimantan Selatan,2022,Kubis,
Kalimantan Timur,2022,Kubis,23.0
Kalimantan Utara,2022,Kubis,
Sulawesi Utara,2022,Kubis,1072764.0
Sulawesi Tengah,2022,Kubis,270253.0
Sulawesi Selatan,2022,Kubis,685217.0
Sulawesi Tenggara,2022,Kubis,3648.0
Gorontalo,2022,Kubis,
Sulawesi Barat,2022,Kubis,94.0
Maluku,2022,Kubis,7267.0
Maluku Utara,2022,Kubis,1277.0
Papua Barat,2022,Kubis,4298.0
Papua,2022,Kubis,20776.0
Aceh,2023,Kubis,85922.0
Sumatera Utara,2023,Kubis,2280989.0
Sumatera Barat,2023,Kubis,1760814.0
Riau,2023,Kubis,
Jambi,2023,Kubis,872862.0
Sumatera Selatan,2023,Kubis,49195.0
Bengkulu,2023,Kubis,684278.0
Lampung,2023,Kubis,78277.0
Kepulauan Bangka Belitung,2023,Kubis,
Kepulauan Riau,2023,Kubis,1.0
DKI Jakarta,2023,Kubis,101.0
Jawa Barat,2023,Kubis,2114400.0
Jawa Tengah,2023,Kubis,1887995.0
DI Yogyakarta,2023,Kubis,355.0
Jawa Timur,2023,Kubis,2025771.0
Banten,2023,Kubis,522.0
Bali,2023,Kubis,247293.0
Nusa Tenggara Barat,2023,Kubis,76331.0
Nusa Tenggara Timur,2023,Kubis,28674.0
Kalimantan Barat,2023,Kubis,
Kalimantan Tengah,2023,Kubis,
Kalimantan Selatan,2023,Kubis,8.0
Kalimantan Timur,2023,Kubis,44.0
Kalimantan Utara,2023,Kubis,
Sulawesi Utara,2023,Kubis,961208.0
Sulawesi Tengah,2023,Kubis,276114.0
Sulawesi Selatan,2023,Kubis,510602.0
Sulawesi Tenggara,2023,Kubis,2553.0
Gorontalo,2023,Kubis,
Sulawesi Barat,2023,Kubis,70.0
Maluku,2023,Kubis,3892.0
Maluku Utara,2023,Kubis,105.0
Papua Barat,2023,Kubis,3209.0
Papua,2023,Kubis,11314.0
Aceh,2024,Kubis,33735.92
Sumatera Utara,2024,Kubis,2569200.4
Sumatera Barat,2024,Kubis,2488817.5
Riau,2024,Kubis,
Jambi,2024,Kubis,749582.0
Sumatera Selatan,2024,Kubis,28765.3
Bengkulu,2024,Kubis,643812.8
Lampung,2024,Kubis,40495.47
Kepulauan Bangka Belitung,2024,Kubis,
Kepulauan Riau,2024,Kubis,
DKI Jakarta,2024,Kubis,
Jawa Barat,2024,Kubis,2427164.91
Jawa Tengah,2024,Kubis,1727432.5
DI Yogyakarta,2024,Kubis,1.14
Jawa Timur,2024,Kubis,1884359.39
Banten,2024,Kubis,32.0
Bali,2024,Kubis,124450.81
Nusa Tenggara Barat,2024,Kubis,80960.19
Nusa Tenggara Timur,2024,Kubis,24558.24
Kalimantan Barat,2024,Kubis,
Kalimantan Tengah,2024,Kubis,10.0
Kalimantan Selatan,2024,Kubis,
Kalimantan Timur,2024,Kubis,51.6
Kalimantan Utara,2024,Kubis,
Sulawesi Utara,2024,Kubis,763591.31
Sulawesi Tengah,2024,Kubis,221651.55
Sulawesi Selatan,2024,Kubis,692979.81
Sulawesi Tenggara,2024,Kubis,3893.98
Gorontalo,2024,Kubis,
Sulawesi Barat,2024,Kubis,174.0
Maluku,2024,Kubis,4271.44
Maluku Utara,2024,Kubis,4.0
Papua Barat,2024,Kubis,2836.89
Papua,2024,Kubis,13700.11
Aceh,2022,Labu Siam,15693.0
Sumatera Utara,2022,Labu Siam,163214.0
Sumatera Barat,2022,Labu Siam,217176.0
Riau,2022,Labu Siam,4261.0
Jambi,2022,Labu Siam,131403.0
Sumatera Selatan,2022,Labu Siam,32325.0
Bengkulu,2022,Labu Siam,171410.0
Lampung,2022,Labu Siam,35074.0
Kepulauan Bangka Belitung,2022,Labu Siam,32.0
Kepulauan Riau,2022,Labu Siam,21.0
DKI Jakarta,2022,Labu Siam,
Jawa Barat,2022,Labu Siam,1028211.0
Jawa Tengah,2022,Labu Siam,1126151.0
DI Yogyakarta,2022,Labu Siam,1263.0
Jawa Timur,2022,Labu Siam,328757.0
Banten,2022,Labu Siam,910.0
Bali,2022,Labu Siam,673678.0
Nusa Tenggara Barat,2022,Labu Siam,18516.0
Nusa Tenggara Timur,2022,Labu Siam,237773.0
Kalimantan Barat,2022,Labu Siam,14941.0
Kalimantan Tengah,2022,Labu Siam,945.0
Kalimantan Selatan,2022,Labu Siam,
Kalimantan Timur,2022,Labu Siam,3235.0
Kalimantan Utara,2022,Labu Siam,1256.0
Sulawesi Utara,2022,Labu Siam,255547.0
Sulawesi Tengah,2022,Labu Siam,22517.0
Sulawesi Selatan,2022,Labu Siam,110430.0
Sulawesi Tenggara,2022,Labu Siam,6007.0
Gorontalo,2022,Labu Siam,
Sulawesi Barat,2022,Labu Siam,1682.0
Maluku,2022,Labu Siam,5472.0
Maluku Utara,2022,Labu Siam,4349.0
Papua Barat,2022,Labu Siam,2043.0
Papua,2022,Labu Siam,3750.0
Aceh,2023,Labu Siam,25912.0
Sumatera Utara,2023,Labu Siam,163303.0
Sumatera Barat,2023,Labu Siam,227832.0
Riau,2023,Labu Siam,1002.0
Jambi,2023,Labu Siam,110428.0
Sumatera Selatan,2023,Labu Siam,27205.0
Bengkulu,2023,Labu Siam,132783.0
Lampung,2023,Labu Siam,44207.0
Kepulauan Bangka Belitung,2023,Labu Siam,17.0
Kepulauan Riau,2023,Labu Siam,0.0
DKI Jakarta,2023,Labu Siam,1158.0
Jawa Barat,2023,Labu Siam,1339196.0
Jawa Tengah,2023,Labu Siam,1067414.0
DI Yogyakarta,2023,Labu Siam,783.0
Jawa Timur,2023,Labu Siam,323502.0
Banten,2023,Labu Siam,481.0
Bali,2023,Labu Siam,534961.0
Nusa Tenggara Barat,2023,Labu Siam,2432.0
Nusa Tenggara Timur,2023,Labu Siam,198171.0
Kalimantan Barat,2023,Labu Siam,456.0
Kalimantan Tengah,2023,Labu Siam,222.0
Kalimantan Selatan,2023,Labu Siam,
Kalimantan Timur,2023,Labu Siam,1847.0
Kalimantan Utara,2023,Labu Siam,13676.0
Sulawesi Utara,2023,Labu Siam,161481.0
Sulawesi Tengah,2023,Labu Siam,17133.0
Sulawesi Selatan,2023,Labu Siam,106548.0
Sulawesi Tenggara,2023,Labu Siam,6494.0
Gorontalo,2023,Labu Siam,
Sulawesi Barat,2023,Labu Siam,2012.0
Maluku,2023,Labu Siam,2868.0
Maluku Utara,2023,Labu Siam,5358.0
Papua Barat,2023,Labu Siam,7239.0
Papua,2023,Labu Siam,3545.0
Aceh,2024,Labu Siam,12595.5
Sumatera Utara,2024,Labu Siam,157051.07
Sumatera Barat,2024,Labu Siam,309678.66
Riau,2024,Labu Siam,1120.5
Jambi,2024,Labu Siam,67186.0
Sumatera Selatan,2024,Labu Siam,16945.91
Bengkulu,2024,Labu Siam,133718.0
Lampung,2024,Labu Siam,22626.25
Kepulauan Bangka Belitung,2024,Labu Siam,36.6
Kepulauan Riau,2024,Labu Siam,0.7
DKI Jakarta,2024,Labu Siam,0.35
Jawa Barat,2024,Labu Siam,1420075.72
Jawa Tengah,2024,Labu Siam,958597.63
DI Yogyakarta,2024,Labu Siam,1026.55
Jawa Timur,2024,Labu Siam,345993.58
Banten,2024,Labu Siam,812.0
Bali,2024,Labu Siam,404264.59
Nusa Tenggara Barat,2024,Labu Siam,1565.61
Nusa Tenggara Timur,2024,Labu Siam,185078.25
Kalimantan Barat,2024,Labu Siam,207.43
Kalimantan Tengah,2024,Labu Siam,1123.24
Kalimantan Selatan,2024,Labu Siam,244.0
Kalimantan Timur,2024,Labu Siam,2816.0
Kalimantan Utara,2024,Labu Siam,33887.5
Sulawesi Utara,2024,Labu Siam,159504.57
Sulawesi Tengah,2024,Labu Siam,42003.09
Sulawesi Selatan,2024,Labu Siam,136742.98
Sulawesi Tenggara,2024,Labu Siam,9528.71
Gorontalo,2024,Labu Siam,940.0
Sulawesi Barat,2024,Labu Siam,1937.0
Maluku,2024,Labu Siam,1784.61
Maluku Utara,2024,Labu Siam,5840.3
Papua Barat,2024,Labu Siam,5711.2
Papua,2024,Labu Siam,2304.52
Aceh,2022,Melon,5589.0
Sumatera Utara,2022,Melon,21131.0
Sumatera Barat,2022,Melon,8492.0
Riau,2022,Melon,12554.0
Jambi,2022,Melon,8673.0
Sumatera Selatan,2022,Melon,19281.0
Bengkulu,2022,Melon,4023.0
Lampung,2022,Melon,8220.0
Kepulauan Bangka Belitung,2022,Melon,2509.0
Kepulauan Riau,2022,Melon,606.0
DKI Jakarta,2022,Melon,53.0
Jawa Barat,2022,Melon,12815.0
Jawa Tengah,2022,Melon,262312.0
DI Yogyakarta,2022,Melon,70014.0
Jawa Timur,2022,Melon,622868.0
Banten,2022,Melon,2896.0
Bali,2022,Melon,2184.0
Nusa Tenggara Barat,2022,Melon,16889.0
Nusa Tenggara Timur,2022,Melon,3557.0
Kalimantan Barat,2022,Melon,3716.0
Kalimantan Tengah,2022,Melon,3754.0
Kalimantan Selatan,2022,Melon,8705.0
Kalimantan Timur,2022,Melon,4698.0
Kalimantan Utara,2022,Melon,9197.0
Sulawesi Utara,2022,Melon,9400.0
Sulawesi Tengah,2022,Melon,15992.0
Sulawesi Selatan,2022,Melon,9814.0
Sulawesi Tenggara,2022,Melon,2045.0
Gorontalo,2022,Melon,
Sulawesi Barat,2022,Melon,645.0
Maluku,2022,Melon,2068.0
Maluku Utara,2022,Melon,555.0
Papua Barat,2022,Melon,4344.0
Papua,2022,Melon,27359.0
Aceh,2024,Melon,3082.6
Sumatera Utara,2024,Melon,26424.5
Sumatera Barat,2024,Melon,17477.0
Riau,2024,Melon,16282.04
Jambi,2024,Melon,13804.2
Sumatera Selatan,2024,Melon,15832.66
Bengkulu,2024,Melon,3371.1
Lampung,2024,Melon,31312.3
Kepulauan Bangka Belitung,2024,Melon,2473.8
Kepulauan Riau,2024,Melon,
DKI Jakarta,2024,Melon,28.17
Jawa Barat,2024,Melon,15984.78
Jawa Tengah,2024,Melon,276791.84
DI Yogyakarta,2024,Melon,103182.82
Jawa Timur,2024,Melon,600728.59
Banten,2024,Melon,2258.64
Bali,2024,Melon,3415.85
Nusa Tenggara Barat,2024,Melon,18859.85
Nusa Tenggara Timur,2024,Melon,3214.2
Kalimantan Barat,2024,Melon,5364.24
Kalimantan Tengah,2024,Melon,3037.45
Kalimantan Selatan,2024,Melon,13053.0
Kalimantan Timur,2024,Melon,7851.15
Kalimantan Utara,2024,Melon,4723.0
Sulawesi Utara,2024,Melon,3574.6
Sulawesi Tengah,2024,Melon,9420.85
Sulawesi Selatan,2024,Melon,11819.3
Sulawesi Tenggara,2024,Melon,1967.2
Gorontalo,2024,Melon,
Sulawesi Barat,2024,Melon,73.0
Maluku,2024,Melon,1309.0
Maluku Utara,2024,Melon,835.0
Papua Barat,2024,Melon,432.47
Papua,2024,Melon,860.0
Aceh,2022,Paprika,
Sumatera Utara,2022,Paprika,404.0
Sumatera Barat,2022,Paprika,
Riau,2022,Paprika,30.0
Jambi,2022,Paprika,299.0
Sumatera Selatan,2022,Paprika,196.0
Bengkulu,2022,Paprika,
Lampung,2022,Paprika,
Kepulauan Bangka Belitung,2022,Paprika,
Kepulauan Riau,2022,Paprika,
DKI Jakarta,2022,Paprika,
Jawa Barat,2022,Paprika,30657.0
Jawa Tengah,2022,Paprika,770.0
DI Yogyakarta,2022,Paprika,0.0
Jawa Timur,2022,Paprika,175170.0
Banten,2022,Paprika,1.0
Bali,2022,Paprika,871.0
Nusa Tenggara Barat,2022,Paprika,550.0
Nusa Tenggara Timur,2022,Paprika,384.0
Kalimantan Barat,2022,Paprika,
Kalimantan Tengah,2022,Paprika,1.0
Kalimantan Selatan,2022,Paprika,
Kalimantan Timur,2022,Paprika,
Kalimantan Utara,2022,Paprika,
Sulawesi Utara,2022,Paprika,0.0
Sulawesi Tengah,2022,Paprika,147.0
Sulawesi Selatan,2022,Paprika,116.0
Sulawesi Tenggara,2022,Paprika,3.0
Gorontalo,2022,Paprika,
Sulawesi Barat,2022,Paprika,
Maluku,2022,Paprika,370.0
Maluku Utara,2022,Paprika,
Papua Barat,2022,Paprika,
Papua,2022,Paprika,
Aceh,2023,Paprika,14.0
Sumatera Utara,2023,Paprika,38.0
Sumatera Barat,2023,Paprika,
Riau,2023,Paprika,22.0
Jambi,2023,Paprika,75.0
Sumatera Selatan,2023,Paprika,9.0
Bengkulu,2023,Paprika,38.0
Lampung,2023,Paprika,206.0
Kepulauan Bangka Belitung,2023,Paprika,
Kepulauan Riau,2023,Paprika,
DKI Jakarta,2023,Paprika,
Jawa Barat,2023,Paprika,46602.0
Jawa Tengah,2023,Paprika,229.0
DI Yogyakarta,2023,Paprika,
Jawa Timur,2023,Paprika,154225.0
Banten,2023,Paprika,18.0
Bali,2023,Paprika,2581.0
Nusa Tenggara Barat,2023,Paprika,103.0
Nusa Tenggara Timur,2023,Paprika,129.0
Kalimantan Barat,2023,Paprika,
Kalimantan Tengah,2023,Paprika,11.0
Kalimantan Selatan,2023,Paprika,
Kalimantan Timur,2023,Paprika,
Kalimantan Utara,2023,Paprika,
Sulawesi Utara,2023,Paprika,
Sulawesi Tengah,2023,Paprika,279.0
Sulawesi Selatan,2023,Paprika,62.0
Sulawesi Tenggara,2023,Paprika,
Gorontalo,2023,Paprika,
Sulawesi Barat,2023,Paprika,
Maluku,2023,Paprika,89.0
Maluku Utara,2023,Paprika,
Papua Barat,2023,Paprika,
Papua,2023,Paprika,
Aceh,2024,Paprika,160.0
Sumatera Utara,2024,Paprika,1.0
Sumatera Barat,2024,Paprika,
Riau,2024,Paprika,
Jambi,2024,Paprika,
Sumatera Selatan,2024,Paprika,15.0
Bengkulu,2024,Paprika,7.7
Lampung,2024,Paprika,
Kepulauan Bangka Belitung,2024,Paprika,
Kepulauan Riau,2024,Paprika,
DKI Jakarta,2024,Paprika,
Jawa Barat,2024,Paprika,22812.4
Jawa Tengah,2024,Paprika,122.4
DI Yogyakarta,2024,Paprika,
Jawa Timur,2024,Paprika,139215.4
Banten,2024,Paprika,
Bali,2024,Paprika,1441.0
Nusa Tenggara Barat,2024,Paprika,
Nusa Tenggara Timur,2024,Paprika,331.9
Kalimantan Barat,2024,Paprika,
Kalimantan Tengah,2024,Paprika,
Kalimantan Selatan,2024,Paprika,
Kalimantan Timur,2024,Paprika,
Kalimantan Utara,2024,Paprika,
Sulawesi Utara,2024,Paprika,5.0
Sulawesi Tengah,2024,Paprika,
Sulawesi Selatan,2024,Paprika,418.0
Sulawesi Tenggara,2024,Paprika,
Gorontalo,2024,Paprika,
Sulawesi Barat,2024,Paprika,
Maluku,2024,Paprika,180.22
Maluku Utara,2024,Paprika,
Papua Barat,2024,Paprika,
Papua,2024,Paprika,
Aceh,2022,Petsai Sawi,31494.0
Sumatera Utara,2022,Petsai Sawi,743704.0
Sumatera Barat,2022,Petsai Sawi,473625.0
Riau,2022,Petsai Sawi,22494.0
Jambi,2022,Petsai Sawi,255010.0
Sumatera Selatan,2022,Petsai Sawi,46192.0
Bengkulu,2022,Petsai Sawi,363700.0
Lampung,2022,Petsai Sawi,110459.0
Kepulauan Bangka Belitung,2022,Petsai Sawi,13773.0
Kepulauan Riau,2022,Petsai Sawi,20734.0
DKI Jakarta,2022,Petsai Sawi,21763.0
Jawa Barat,2022,Petsai Sawi,1735371.0
Jawa Tengah,2022,Petsai Sawi,1206798.0
DI Yogyakarta,2022,Petsai Sawi,47126.0
Jawa Timur,2022,Petsai Sawi,829937.0
Banten,2022,Petsai Sawi,68278.0
Bali,2022,Petsai Sawi,223731.0
Nusa Tenggara Barat,2022,Petsai Sawi,26753.0
Nusa Tenggara Timur,2022,Petsai Sawi,121575.0
Kalimantan Barat,2022,Petsai Sawi,42775.0
Kalimantan Tengah,2022,Petsai Sawi,20458.0
Kalimantan Selatan,2022,Petsai Sawi,12202.0
Kalimantan Timur,2022,Petsai Sawi,84927.0
Kalimantan Utara,2022,Petsai Sawi,31504.0
Sulawesi Utara,2022,Petsai Sawi,587859.0
Sulawesi Tengah,2022,Petsai Sawi,134857.0
Sulawesi Selatan,2022,Petsai Sawi,178388.0
Sulawesi Tenggara,2022,Petsai Sawi,14516.0
Gorontalo,2022,Petsai Sawi,352.0
Sulawesi Barat,2022,Petsai Sawi,5205.0
Maluku,2022,Petsai Sawi,38248.0
Maluku Utara,2022,Petsai Sawi,13101.0
Papua Barat,2022,Petsai Sawi,35042.0
Papua,2022,Petsai Sawi,44129.0
Aceh,2023,Petsai Sawi,30547.0
Sumatera Utara,2023,Petsai Sawi,779699.0
Sumatera Barat,2023,Petsai Sawi,234033.0
Riau,2023,Petsai Sawi,30617.0
Jambi,2023,Petsai Sawi,227326.0
Sumatera Selatan,2023,Petsai Sawi,40925.0
Bengkulu,2023,Petsai Sawi,331005.0
Lampung,2023,Petsai Sawi,114044.0
Kepulauan Bangka Belitung,2023,Petsai Sawi,13590.0
Kepulauan Riau,2023,Petsai Sawi,25354.0
DKI Jakarta,2023,Petsai Sawi,19512.0
Jawa Barat,2023,Petsai Sawi,1551081.0
Jawa Tengah,2023,Petsai Sawi,1082176.0
DI Yogyakarta,2023,Petsai Sawi,46724.0
Jawa Timur,2023,Petsai Sawi,752994.0
Banten,2023,Petsai Sawi,68199.0
Bali,2023,Petsai Sawi,206104.0
Nusa Tenggara Barat,2023,Petsai Sawi,27671.0
Nusa Tenggara Timur,2023,Petsai Sawi,126285.0
Kalimantan Barat,2023,Petsai Sawi,40358.0
Kalimantan Tengah,2023,Petsai Sawi,24784.0
Kalimantan Selatan,2023,Petsai Sawi,9630.0
Kalimantan Timur,2023,Petsai Sawi,70856.0
Kalimantan Utara,2023,Petsai Sawi,30039.0
Sulawesi Utara,2023,Petsai Sawi,564678.0
Sulawesi Tengah,2023,Petsai Sawi,86517.0
Sulawesi Selatan,2023,Petsai Sawi,184997.0
Sulawesi Tenggara,2023,Petsai Sawi,16042.0
Gorontalo,2023,Petsai Sawi,217.0
Sulawesi Barat,2023,Petsai Sawi,9189.0
Maluku,2023,Petsai Sawi,28452.0
Maluku Utara,2023,Petsai Sawi,12400.0
Papua Barat,2023,Petsai Sawi,8447.0
Papua,2023,Petsai Sawi,20762.0
Aceh,2024,Petsai Sawi,22627.79
Sumatera Utara,2024,Petsai Sawi,869650.78
Sumatera Barat,2024,Petsai Sawi,272577.28
Riau,2024,Petsai Sawi,33707.71
Jambi,2024,Petsai Sawi,318056.85
Sumatera Selatan,2024,Petsai Sawi,31281.16
Bengkulu,2024,Petsai Sawi,302723.65
Lampung,2024,Petsai Sawi,112154.87
Kepulauan Bangka Belitung,2024,Petsai Sawi,13607.77
Kepulauan Riau,2024,Petsai Sawi,28924.69
DKI Jakarta,2024,Petsai Sawi,19502.74
Jawa Barat,2024,Petsai Sawi,1498384.19
Jawa Tengah,2024,Petsai Sawi,882276.41
DI Yogyakarta,2024,Petsai Sawi,49459.98
Jawa Timur,2024,Petsai Sawi,1004709.34
Banten,2024,Petsai Sawi,80519.79
Bali,2024,Petsai Sawi,168045.23
Nusa Tenggara Barat,2024,Petsai Sawi,32628.27
Nusa Tenggara Timur,2024,Petsai Sawi,90950.79
Kalimantan Barat,2024,Petsai Sawi,44324.61
Kalimantan Tengah,2024,Petsai Sawi,15650.76
Kalimantan Selatan,2024,Petsai Sawi,9677.76
Kalimantan Timur,2024,Petsai Sawi,55737.86
Kalimantan Utara,2024,Petsai Sawi,37349.36
Sulawesi Utara,2024,Petsai Sawi,489332.0
Sulawesi Tengah,2024,Petsai Sawi,64739.38
Sulawesi Selatan,2024,Petsai Sawi,197057.08
Sulawesi Tenggara,2024,Petsai Sawi,14052.13
Gorontalo,2024,Petsai Sawi,712.25
Sulawesi Barat,2024,Petsai Sawi,8937.0
Maluku,2024,Petsai Sawi,31652.95
Maluku Utara,2024,Petsai Sawi,8903.04
Papua Barat,2024,Petsai Sawi,8325.45
Papua,2024,Petsai Sawi,14892.8
Aceh,2022,Semangka,51202.0
Sumatera Utara,2022,Semangka,294185.0
Sumatera Barat,2022,Semangka,119124.0
Riau,2022,Semangka,175391.0
Jambi,2022,Semangka,58488.0
Sumatera Selatan,2022,Semangka,169466.0
Bengkulu,2022,Semangka,8091.0
Lampung,2022,Semangka,194425.0
Kepulauan Bangka Belitung,2022,Semangka,36052.0
Kepulauan Riau,2022,Semangka,9630.0
DKI Jakarta,2022,Semangka,2.0
Jawa Barat,2022,Semangka,82320.0
Jawa Tengah,2022,Semangka,598367.0
DI Yogyakarta,2022,Semangka,82984.0
Jawa Timur,2022,Semangka,973571.0
Banten,2022,Semangka,5129.0
Bali,2022,Semangka,245616.0
Nusa Tenggara Barat,2022,Semangka,76013.0
Nusa Tenggara Timur,2022,Semangka,18372.0
Kalimantan Barat,2022,Semangka,58620.0
Kalimantan Tengah,2022,Semangka,113452.0
Kalimantan Selatan,2022,Semangka,35260.0
Kalimantan Timur,2022,Semangka,36648.0
Kalimantan Utara,2022,Semangka,24963.0
Sulawesi Utara,2022,Semangka,11758.0
Sulawesi Tengah,2022,Semangka,40583.0
Sulawesi Selatan,2022,Semangka,62467.0
Sulawesi Tenggara,2022,Semangka,12531.0
Gorontalo,2022,Semangka,1735.0
Sulawesi Barat,2022,Semangka,1557.0
Maluku,2022,Semangka,10323.0
Maluku Utara,2022,Semangka,12959.0
Papua Barat,2022,Semangka,13825.0
Papua,2022,Semangka,43057.0
Aceh,2024,Semangka,55639.0
Sumatera Utara,2024,Semangka,335660.05
Sumatera Barat,2024,Semangka,97219.83
Riau,2024,Semangka,210476.21
Jambi,2024,Semangka,82017.95
Sumatera Selatan,2024,Semangka,76349.07
Bengkulu,2024,Semangka,13417.6
Lampung,2024,Semangka,179342.9
Kepulauan Bangka Belitung,2024,Semangka,28159.3
Kepulauan Riau,2024,Semangka,15192.85
DKI Jakarta,2024,Semangka,2.01
Jawa Barat,2024,Semangka,72849.8
Jawa Tengah,2024,Semangka,543181.26
DI Yogyakarta,2024,Semangka,82448.14
Jawa Timur,2024,Semangka,1123396.28
Banten,2024,Semangka,3561.24
Bali,2024,Semangka,247184.34
Nusa Tenggara Barat,2024,Semangka,220999.36
Nusa Tenggara Timur,2024,Semangka,32349.58
Kalimantan Barat,2024,Semangka,50695.87
Kalimantan Tengah,2024,Semangka,80604.54
Kalimantan Selatan,2024,Semangka,157063.19
Kalimantan Timur,2024,Semangka,101157.17
Kalimantan Utara,2024,Semangka,36517.31
Sulawesi Utara,2024,Semangka,10237.55
Sulawesi Tengah,2024,Semangka,36579.97
Sulawesi Selatan,2024,Semangka,220003.86
Sulawesi Tenggara,2024,Semangka,23027.96
Gorontalo,2024,Semangka,6310.0
Sulawesi Barat,2024,Semangka,3627.0
Maluku,2024,Semangka,6901.62
Maluku Utara,2024,Semangka,5345.21
Papua Barat,2024,Semangka,1386.93
Papua,2024,Semangka,3988.0
Aceh,2022,Stroberi,200.0
Sumatera Utara,2022,Stroberi,1101.0
Sumatera Barat,2022,Stroberi,993.0
Riau,2022,Stroberi,
Jambi,2022,Stroberi,123.0
Sumatera Selatan,2022,Stroberi,1692.0
Bengkulu,2022,Stroberi,739.0
Lampung,2022,Stroberi,
Kepulauan Bangka Belitung,2022,Stroberi,
Kepulauan Riau,2022,Stroberi,
DKI Jakarta,2022,Stroberi,
Jawa Barat,2022,Stroberi,254132.0
Jawa Tengah,2022,Stroberi,13033.0
DI Yogyakarta,2022,Stroberi,438.0
Jawa Timur,2022,Stroberi,10848.0
Banten,2022,Stroberi,173.0
Bali,2022,Stroberi,1958.0
Nusa Tenggara Barat,2022,Stroberi,2450.0
Nusa Tenggara Timur,2022,Stroberi,804.0
Kalimantan Barat,2022,Stroberi,
Kalimantan Tengah,2022,Stroberi,
Kalimantan Selatan,2022,Stroberi,
Kalimantan Timur,2022,Stroberi,
Kalimantan Utara,2022,Stroberi,
Sulawesi Utara,2022,Stroberi,
Sulawesi Tengah,2022,Stroberi,12.0
Sulawesi Selatan,2022,Stroberi,137.0
Sulawesi Tenggara,2022,Stroberi,113.0
Gorontalo,2022,Stroberi,
Sulawesi Barat,2022,Stroberi,
Maluku,2022,Stroberi,
Maluku Utara,2022,Stroberi,
Papua Barat,2022,Stroberi,5.0
Papua,2022,Stroberi,
Aceh,2024,Stroberi,442.0
Sumatera Utara,2024,Stroberi,1599.4
Sumatera Barat,2024,Stroberi,914.5
Riau,2024,Stroberi,
Jambi,2024,Stroberi,213.81
Sumatera Selatan,2024,Stroberi,51.1
Bengkulu,2024,Stroberi,648.0
Lampung,2024,Stroberi,
Kepulauan Bangka Belitung,2024,Stroberi,
Kepulauan Riau,2024,Stroberi,
DKI Jakarta,2024,Stroberi,
Jawa Barat,2024,Stroberi,280892.08
Jawa Tengah,2024,Stroberi,23677.65
DI Yogyakarta,2024,Stroberi,7.55
Jawa Timur,2024,Stroberi,2428.51
Banten,2024,Stroberi,
Bali,2024,Stroberi,3310.0
Nusa Tenggara Barat,2024,Stroberi,3250.0
Nusa Tenggara Timur,2024,Stroberi,92.92
Kalimantan Barat,2024,Stroberi,
Kalimantan Tengah,2024,Stroberi,
Kalimantan Selatan,2024,Stroberi,
Kalimantan Timur,2024,Stroberi,
Kalimantan Utara,2024,Stroberi,
Sulawesi Utara,2024,Stroberi,34.5
Sulawesi Tengah,2024,Stroberi,87.0
Sulawesi Selatan,2024,Stroberi,191.1
Sulawesi Tenggara,2024,Stroberi,0.03
Gorontalo,2024,Stroberi,
Sulawesi Barat,2024,Stroberi,
Maluku,2024,Stroberi,
Maluku Utara,2024,Stroberi,
Papua Barat,2024,Stroberi,11.53
Papua,2024,Stroberi,
Aceh,2022,Terung,88193.0
Sumatera Utara,2022,Terung,571142.0
Sumatera Barat,2022,Terung,861587.0
Riau,2022,Terung,91950.0
Jambi,2022,Terung,163829.0
Sumatera Selatan,2022,Terung,137368.0
Bengkulu,2022,Terung,893431.0
Lampung,2022,Terung,182882.0
Kepulauan Bangka Belitung,2022,Terung,36178.0
Kepulauan Riau,2022,Terung,5515.0
DKI Jakarta,2022,Terung,13.0
Jawa Barat,2022,Terung,1042042.0
Jawa Tengah,2022,Terung,528326.0
DI Yogyakarta,2022,Terung,28927.0
Jawa Timur,2022,Terung,1025403.0
Banten,2022,Terung,54585.0
Bali,2022,Terung,11929.0
Nusa Tenggara Barat,2022,Terung,169491.0
Nusa Tenggara Timur,2022,Terung,166235.0
Kalimantan Barat,2022,Terung,71372.0
Kalimantan Tengah,2022,Terung,49831.0
Kalimantan Selatan,2022,Terung,49578.0
Kalimantan Timur,2022,Terung,122700.0
Kalimantan Utara,2022,Terung,91653.0
Sulawesi Utara,2022,Terung,91884.0
Sulawesi Tengah,2022,Terung,51691.0
Sulawesi Selatan,2022,Terung,113794.0
Sulawesi Tenggara,2022,Terung,52206.0
Gorontalo,2022,Terung,3540.0
Sulawesi Barat,2022,Terung,16614.0
Maluku,2022,Terung,40826.0
Maluku Utara,2022,Terung,42159.0
Papua Barat,2022,Terung,34821.0
Papua,2022,Terung,25690.0
Aceh,2023,Terung,105377.0
Sumatera Utara,2023,Terung,685932.0
Sumatera Barat,2023,Terung,976975.0
Riau,2023,Terung,73679.0
Jambi,2023,Terung,219420.0
Sumatera Selatan,2023,Terung,123641.0
Bengkulu,2023,Terung,784127.0
Lampung,2023,Terung,204412.0
Kepulauan Bangka Belitung,2023,Terung,42550.0
Kepulauan Riau,2023,Terung,5474.0
DKI Jakarta,2023,Terung,156.0
Jawa Barat,2023,Terung,981002.0
Jawa Tengah,2023,Terung,604997.0
DI Yogyakarta,2023,Terung,36968.0
Jawa Timur,2023,Terung,987562.0
Banten,2023,Terung,28618.0
Bali,2023,Terung,16586.0
Nusa Tenggara Barat,2023,Terung,143710.0
Nusa Tenggara Timur,2023,Terung,125779.0
Kalimantan Barat,2023,Terung,57388.0
Kalimantan Tengah,2023,Terung,56220.0
Kalimantan Selatan,2023,Terung,48736.0
Kalimantan Timur,2023,Terung,94196.0
Kalimantan Utara,2023,Terung,94389.0
Sulawesi Utara,2023,Terung,82662.0
Sulawesi Tengah,2023,Terung,84855.0
Sulawesi Selatan,2023,Terung,117306.0
Sulawesi Tenggara,2023,Terung,46492.0
Gorontalo,2023,Terung,6405.0
Sulawesi Barat,2023,Terung,22995.0
Maluku,2023,Terung,33963.0
Maluku Utara,2023,Terung,55015.0
Papua Barat,2023,Terung,14475.0
Papua,2023,Terung,6173.0
Aceh,2024,Terung,96689.79
Sumatera Utara,2024,Terung,826848.87
Sumatera Barat,2024,Terung,836407.55
Riau,2024,Terung,69740.24
Jambi,2024,Terung,357901.75
Sumatera Selatan,2024,Terung,92217.09
Bengkulu,2024,Terung,769588.09
Lampung,2024,Terung,186318.81
Kepulauan Bangka Belitung,2024,Terung,22827.91
Kepulauan Riau,2024,Terung,7702.15
DKI Jakarta,2024,Terung,272.57
Jawa Barat,2024,Terung,1014777.1
Jawa Tengah,2024,Terung,520127.48
DI Yogyakarta,2024,Terung,33520.37
Jawa Timur,2024,Terung,852059.23
Banten,2024,Terung,26431.56
Bali,2024,Terung,17659.18
Nusa Tenggara Barat,2024,Terung,70420.43
Nusa Tenggara Timur,2024,Terung,114660.96
Kalimantan Barat,2024,Terung,69629.06
Kalimantan Tengah,2024,Terung,48269.61
Kalimantan Selatan,2024,Terung,57400.91
Kalimantan Timur,2024,Terung,82643.0
Kalimantan Utara,2024,Terung,110938.87
Sulawesi Utara,2024,Terung,71233.08
Sulawesi Tengah,2024,Terung,89365.99
Sulawesi Selatan,2024,Terung,99563.94
Sulawesi Tenggara,2024,Terung,48128.37
Gorontalo,2024,Terung,14434.9
Sulawesi Barat,2024,Terung,19975.05
Maluku,2024,Terung,23755.11
Maluku Utara,2024,Terung,45957.33
Papua Barat,2024,Terung,8263.43
Papua,2024,Terung,6493.9
Aceh,2022,Tomat,88458.0
Sumatera Utara,2022,Tomat,1830153.0
Sumatera Barat,2022,Tomat,1186348.0
Riau,2022,Tomat,2032.0
Jambi,2022,Tomat,480081.0
Sumatera Selatan,2022,Tomat,90543.0
Bengkulu,2022,Tomat,397090.0
Lampung,2022,Tomat,161902.0
Kepulauan Bangka Belitung,2022,Tomat,19263.0
Kepulauan Riau,2022,Tomat,879.0
DKI Jakarta,2022,Tomat,2.0
Jawa Barat,2022,Tomat,2729615.0
Jawa Tengah,2022,Tomat,805773.0
DI Yogyakarta,2022,Tomat,8835.0
Jawa Timur,2022,Tomat,1020985.0
Banten,2022,Tomat,18948.0
Bali,2022,Tomat,60042.0
Nusa Tenggara Barat,2022,Tomat,407417.0
Nusa Tenggara Timur,2022,Tomat,92150.0
Kalimantan Barat,2022,Tomat,31364.0
Kalimantan Tengah,2022,Tomat,24251.0
Kalimantan Selatan,2022,Tomat,43031.0
Kalimantan Timur,2022,Tomat,88409.0
Kalimantan Utara,2022,Tomat,77826.0
Sulawesi Utara,2022,Tomat,820789.0
Sulawesi Tengah,2022,Tomat,188705.0
Sulawesi Selatan,2022,Tomat,659186.0
Sulawesi Tenggara,2022,Tomat,41150.0
Gorontalo,2022,Tomat,43701.0
Sulawesi Barat,2022,Tomat,19667.0
Maluku,2022,Tomat,50859.0
Maluku Utara,2022,Tomat,84790.0
Papua Barat,2022,Tomat,55838.0
Papua,2022,Tomat,57353.0
Aceh,2023,Tomat,144309.0
Sumatera Utara,2023,Tomat,2038676.0
Sumatera Barat,2023,Tomat,1004294.0
Riau,2023,Tomat,2280.0
Jambi,2023,Tomat,405927.0
Sumatera Selatan,2023,Tomat,87814.0
Bengkulu,2023,Tomat,367310.0
Lampung,2023,Tomat,206780.0
Kepulauan Bangka Belitung,2023,Tomat,20392.0
Kepulauan Riau,2023,Tomat,1030.0
DKI Jakarta,2023,Tomat,5.0
Jawa Barat,2023,Tomat,2680727.0
Jawa Tengah,2023,Tomat,965369.0
DI Yogyakarta,2023,Tomat,11042.0
Jawa Timur,2023,Tomat,1040921.0
Banten,2023,Tomat,6147.0
Bali,2023,Tomat,52182.0
Nusa Tenggara Barat,2023,Tomat,305734.0
Nusa Tenggara Timur,2023,Tomat,112560.0
Kalimantan Barat,2023,Tomat,27747.0
Kalimantan Tengah,2023,Tomat,31672.0
Kalimantan Selatan,2023,Tomat,50794.0
Kalimantan Timur,2023,Tomat,69290.0
Kalimantan Utara,2023,Tomat,100100.0
Sulawesi Utara,2023,Tomat,592349.0
Sulawesi Tengah,2023,Tomat,137176.0
Sulawesi Selatan,2023,Tomat,648043.0
Sulawesi Tenggara,2023,Tomat,43550.0
Gorontalo,2023,Tomat,54801.0
Sulawesi Barat,2023,Tomat,26094.0
Maluku,2023,Tomat,36135.0
Maluku Utara,2023,Tomat,85803.0
Papua Barat,2023,Tomat,25724.0
Papua,2023,Tomat,7366.0
Aceh,2024,Tomat,108865.69
Sumatera Utara,2024,Tomat,2151135.8
Sumatera Barat,2024,Tomat,855874.65
Riau,2024,Tomat,2720.43
Jambi,2024,Tomat,561832.1
Sumatera Selatan,2024,Tomat,68282.01
Bengkulu,2024,Tomat,326629.59
Lampung,2024,Tomat,135864.02
Kepulauan Bangka Belitung,2024,Tomat,9573.32
Kepulauan Riau,2024,Tomat,2830.95
DKI Jakarta,2024,Tomat,26.7
Jawa Barat,2024,Tomat,2600518.79
Jawa Tengah,2024,Tomat,1035129.99
DI Yogyakarta,2024,Tomat,11765.67
Jawa Timur,2024,Tomat,1131933.7
Banten,2024,Tomat,4753.22
Bali,2024,Tomat,43805.28
Nusa Tenggara Barat,2024,Tomat,252143.42
Nusa Tenggara Timur,2024,Tomat,93470.0
Kalimantan Barat,2024,Tomat,29196.28
Kalimantan Tengah,2024,Tomat,28122.48
Kalimantan Selatan,2024,Tomat,49183.45
Kalimantan Timur,2024,Tomat,62948.43
Kalimantan Utara,2024,Tomat,103023.75
Sulawesi Utara,2024,Tomat,338830.47
Sulawesi Tengah,2024,Tomat,163210.05
Sulawesi Selatan,2024,Tomat,976849.81
Sulawesi Tenggara,2024,Tomat,41845.99
Gorontalo,2024,Tomat,59357.82
Sulawesi Barat,2024,Tomat,22825.26
Maluku,2024,Tomat,25023.32
Maluku Utara,2024,Tomat,86913.92
Papua Barat,2024,Tomat,15161.27
Papua,2024,Tomat,8953.08
Aceh,2022,Wortel,2201.0
Sumatera Utara,2022,Wortel,1519699.0
Sumatera Barat,2022,Wortel,253116.0
Riau,2022,Wortel,50.0
Jambi,2022,Wortel,109242.0
Sumatera Selatan,2022,Wortel,18977.0
Bengkulu,2022,Wortel,423046.0
Lampung,2022,Wortel,62290.0
Kepulauan Bangka Belitung,2022,Wortel,
Kepulauan Riau,2022,Wortel,
DKI Jakarta,2022,Wortel,
Jawa Barat,2022,Wortel,1280912.0
Jawa Tengah,2022,Wortel,1364987.0
DI Yogyakarta,2022,Wortel,
Jawa Timur,2022,Wortel,896638.0
Banten,2022,Wortel,1815.0
Bali,2022,Wortel,18313.0
Nusa Tenggara Barat,2022,Wortel,48780.0
Nusa Tenggara Timur,2022,Wortel,35229.0
Kalimantan Barat,2022,Wortel,
Kalimantan Tengah,2022,Wortel,
Kalimantan Selatan,2022,Wortel,
Kalimantan Timur,2022,Wortel,
Kalimantan Utara,2022,Wortel,
Sulawesi Utara,2022,Wortel,586902.0
Sulawesi Tengah,2022,Wortel,54694.0
Sulawesi Selatan,2022,Wortel,701535.0
Sulawesi Tenggara,2022,Wortel,
Gorontalo,2022,Wortel,
Sulawesi Barat,2022,Wortel,88.0
Maluku,2022,Wortel,484.0
Maluku Utara,2022,Wortel,
Papua Barat,2022,Wortel,498.0
Papua,2022,Wortel,155.0
Aceh,2023,Wortel,1905.0
Sumatera Utara,2023,Wortel,1458099.0
Sumatera Barat,2023,Wortel,249509.0
Riau,2023,Wortel,
Jambi,2023,Wortel,151628.0
Sumatera Selatan,2023,Wortel,19425.0
Bengkulu,2023,Wortel,362127.0
Lampung,2023,Wortel,74256.0
Kepulauan Bangka Belitung,2023,Wortel,
Kepulauan Riau,2023,Wortel,
DKI Jakarta,2023,Wortel,
Jawa Barat,2023,Wortel,1039722.0
Jawa Tengah,2023,Wortel,1491031.0
DI Yogyakarta,2023,Wortel,0.0
Jawa Timur,2023,Wortel,771900.0
Banten,2023,Wortel,1642.0
Bali,2023,Wortel,16750.0
Nusa Tenggara Barat,2023,Wortel,45515.0
Nusa Tenggara Timur,2023,Wortel,30032.0
Kalimantan Barat,2023,Wortel,
Kalimantan Tengah,2023,Wortel,
Kalimantan Selatan,2023,Wortel,
Kalimantan Timur,2023,Wortel,
Kalimantan Utara,2023,Wortel,
Sulawesi Utara,2023,Wortel,535341.0
Sulawesi Tengah,2023,Wortel,70872.0
Sulawesi Selatan,2023,Wortel,359867.0
Sulawesi Tenggara,2023,Wortel,
Gorontalo,2023,Wortel,
Sulawesi Barat,2023,Wortel,22.0
Maluku,2023,Wortel,232.0
Maluku Utara,2023,Wortel,
Papua Barat,2023,Wortel,1434.0
Papua,2023,Wortel,
Aceh,2024,Wortel,1103.5
Sumatera Utara,2024,Wortel,1705327.6
Sumatera Barat,2024,Wortel,258010.6
Riau,2024,Wortel,
Jambi,2024,Wortel,105435.0
Sumatera Selatan,2024,Wortel,16890.0
Bengkulu,2024,Wortel,335428.5
Lampung,2024,Wortel,72899.5
Kepulauan Bangka Belitung,2024,Wortel,
Kepulauan Riau,2024,Wortel,60.0
DKI Jakarta,2024,Wortel,
Jawa Barat,2024,Wortel,1000505.0
Jawa Tengah,2024,Wortel,1300492.75
DI Yogyakarta,2024,Wortel,
Jawa Timur,2024,Wortel,1067468.44
Banten,2024,Wortel,937.0
Bali,2024,Wortel,14847.5
Nusa Tenggara Barat,2024,Wortel,56047.5
Nusa Tenggara Timur,2024,Wortel,6229.25
Kalimantan Barat,2024,Wortel,
Kalimantan Tengah,2024,Wortel,
Kalimantan Selatan,2024,Wortel,
Kalimantan Timur,2024,Wortel,
Kalimantan Utara,2024,Wortel,
Sulawesi Utara,2024,Wortel,488976.37
Sulawesi Tengah,2024,Wortel,37258.32
Sulawesi Selatan,2024,Wortel,345114.27
Sulawesi Tenggara,2024,Wortel,
Gorontalo,2024,Wortel,
Sulawesi Barat,2024,Wortel,56.0
Maluku,2024,Wortel,212.96
Maluku Utara,2024,Wortel,5.5
Papua Barat,2024,Wortel,966.23
Papua,2024,Wortel,1.0
